driverId,number,code,forename,surname,dob,nationality,driver_is_active,driver_avg_point,driver_avg_speed,race_end_bf_2019,race_end_in_2019,race_end_in_2020,race_end_in_2021,race_end_in_2022,race_end_in_2023,driver_most_won_circuit_id,driver_nber_of_races_won,driver_nber_of_times_in_top_10,age
1,44,HAM,Lewis,Hamilton,1985-01-07,British,1,14.100931677018634,205.71175949367088,193,21,16,21,19,12,14,63,292,39
2,\N,HEI,Nick,Heidfeld,1977-05-10,German,0,1.4076086956521738,204.04457758620688,66,0,0,0,0,0,2,2,131,47
3,6,ROS,Nico,Rosberg,1985-06-27,German,0,7.740291262135922,200.2903686868687,145,0,0,0,0,0,3,20,158,39
4,14,ALO,Fernando,Alonso,1981-07-29,Spanish,1,5.954054054054054,204.46253086419748,202,0,0,11,12,12,9,22,285,43
5,\N,KOV,Heikki,Kovalainen,1981-10-19,Finnish,0,0.9375,198.2461651376147,39,0,0,0,0,0,1,2,37,43
6,\N,NAK,Kazuki,Nakajima,1985-01-11,Japanese,0,0.25,201.56545714285718,15,0,0,0,0,0,0,0,7,39
7,\N,BOU,Sébastien,Bourdais,1979-02-28,French,0,0.2222222222222222,199.06923999999995,11,0,0,0,0,0,0,0,9,45
8,7,RAI,Kimi,Räikkönen,1979-10-17,Finnish,0,5.3210227272727275,206.01451034482758,204,6,6,5,0,0,1,42,278,45
9,88,KUB,Robert,Kubica,1984-12-07,Polish,0,2.7676767676767677,203.64637755102038,53,2,0,1,0,0,7,1,54,40
10,\N,GLO,Timo,Glock,1982-03-18,German,0,0.5368421052631579,196.10487777777777,24,0,0,0,0,0,12,1,22,42
11,\N,SAT,Takuma,Sato,1977-01-28,Japanese,0,0.4835164835164835,206.47354285714286,13,0,0,0,0,0,0,0,41,47
12,\N,PIQ,Nelson,Piquet Jr.,1985-07-25,Brazilian,0,0.6785714285714286,198.74025925925926,11,0,0,0,0,0,0,0,10,39
13,19,MAS,Felipe,Massa,1981-04-25,Brazilian,0,4.306273062730627,202.5510890688259,167,0,0,0,0,0,4,15,189,43
14,\N,COU,David,Coulthard,1971-03-27,British,0,2.165991902834008,205.47958536585367,120,0,0,0,0,0,0,0,191,53
15,\N,TRU,Jarno,Trulli,1974-07-13,Italian,0,0.962890625,201.59079411764705,80,0,0,0,0,0,3,1,178,50
16,99,SUT,Adrian,Sutil,1983-01-11,German,0,0.96875,197.66395867768594,36,0,0,0,0,0,14,1,37,41
17,\N,WEB,Mark,Webber,1976-08-27,Australian,0,4.8271889400921655,203.78741142857137,121,0,0,0,0,0,18,19,161,48
18,22,BUT,Jenson,Button,1980-01-19,British,0,3.9967637540453076,200.76288412017166,161,0,0,0,0,0,1,8,228,44
19,\N,DAV,Anthony,Davidson,1979-04-18,British,0,0.0,201.44920000000002,1,0,0,0,0,0,0,0,4,45
20,5,VET,Sebastian,Vettel,1987-07-03,German,0,10.326666666666666,204.67237024221455,182,16,9,6,13,0,69,38,238,37
21,\N,FIS,Giancarlo,Fisichella,1973-01-14,Italian,0,1.1904761904761905,205.037213592233,83,0,0,0,0,0,4,1,187,51
22,\N,BAR,Rubens,Barrichello,1972-05-23,Brazilian,0,2.01840490797546,204.91833566433567,145,0,0,0,0,0,4,6,251,52
23,\N,SCH,Ralf,Schumacher,1975-06-30,German,0,1.8277777777777777,207.75470967741933,87,0,0,0,0,0,13,1,159,49
24,\N,LIU,Vitantonio,Liuzzi,1980-08-06,Italian,0,0.32098765432098764,198.7474722222222,17,0,0,0,0,0,0,0,19,44
25,\N,WUR,Alexander,Wurz,1974-02-15,Austrian,0,0.6521739130434783,202.12375,22,0,0,0,0,0,0,0,59,50
26,\N,SPE,Scott,Speed,1983-01-24,American,0,0.0,199.13667999999998,1,0,0,0,0,0,0,0,8,41
27,\N,ALB,Christijan,Albers,1979-04-16,Dutch,0,0.08695652173913043,202.32118604651166,0,0,0,0,0,0,0,0,5,45
28,\N,WIN,Markus,Winkelhock,1980-06-13,German,0,0.0,180.309,0,0,0,0,0,0,0,0,0,44
29,\N,YAM,Sakon,Yamamoto,1982-07-09,Japanese,0,0.0,203.74236842105265,0,0,0,0,0,0,0,0,3,42
30,\N,MSC,Michael,Schumacher,1969-01-03,German,0,5.084415584415584,205.43316964285714,219,0,0,0,0,0,6,21,272,55
31,\N,MON,Juan,Pablo Montoya,1975-09-20,Colombian,0,3.231578947368421,211.37692857142858,53,0,0,0,0,0,2,3,93,49
32,\N,KLI,Christian,Klien,1983-02-07,Austrian,0,0.27450980392156865,209.23754545454543,10,0,0,0,0,0,0,0,14,41
33,\N,TMO,Tiago,Monteiro,1976-07-24,Portuguese,0,0.1891891891891892,203.78238888888893,1,0,0,0,0,0,0,0,2,48
34,\N,IDE,Yuji,Ide,1975-01-21,Japanese,0,0.0,198.00525000000002,0,0,0,0,0,0,0,0,0,49
35,\N,VIL,Jacques,Villeneuve,1971-04-09,Canadian,0,1.4242424242424243,208.0930909090909,55,0,0,0,0,0,0,0,142,53
36,\N,FMO,Franck,Montagny,1978-01-05,French,0,0.0,179.71466666666666,0,0,0,0,0,0,0,0,1,46
37,\N,DLR,Pedro,de la Rosa,1971-02-24,Spanish,0,0.32710280373831774,199.75309756097562,15,0,0,0,0,0,3,1,74,53
38,\N,DOO,Robert,Doornbos,1981-09-23,Dutch,0,0.0,210.05154545454545,0,0,0,0,0,0,0,0,1,43
39,\N,KAR,Narain,Karthikeyan,1977-01-14,Indian,0,0.10416666666666667,195.5360217391304,0,0,0,0,0,0,0,0,4,47
40,\N,FRI,Patrick,Friesacher,1980-09-26,Austrian,0,0.2727272727272727,196.77118181818184,0,0,0,0,0,0,0,0,1,44
41,\N,ZON,Ricardo,Zonta,1976-03-23,Brazilian,0,0.07894736842105263,219.073,6,0,0,0,0,0,0,0,33,48
42,\N,PIZ,Antônio,Pizzonia,1980-09-11,Brazilian,0,0.4,224.3165,3,0,0,0,0,0,0,0,18,44
43,\N,\N,Cristiano,da Matta,1973-09-19,Brazilian,0,0.4642857142857143,207.86918181818183,2,0,0,0,0,0,0,0,18,51
44,\N,\N,Olivier,Panis,1966-09-02,French,0,0.4810126582278481,209.0038125,27,0,0,0,0,0,0,0,145,58
45,\N,\N,Giorgio,Pantano,1979-02-04,Italian,0,0.0,206.30100000000002,0,0,0,0,0,0,0,0,2,45
46,\N,\N,Gianmaria,Bruni,1981-05-30,Italian,0,0.0,202.7468125,0,0,0,0,0,0,0,0,2,43
47,\N,\N,Zsolt,Baumgartner,1981-01-01,Hungarian,0,0.05,203.96866666666668,0,0,0,0,0,0,0,0,2,43
48,\N,\N,Marc,Gené,1974-03-29,Spanish,0,0.1388888888888889,219.4225,5,0,0,0,0,0,0,0,36,50
49,\N,\N,Heinz-Harald,Frentzen,1967-05-18,German,0,1.0943396226415094,0.0,44,0,0,0,0,0,0,0,159,57
50,\N,\N,Jos,Verstappen,1972-03-04,Dutch,0,0.1588785046728972,0.0,7,0,0,0,0,0,0,0,107,52
51,\N,\N,Justin,Wilson,1978-07-31,British,0,0.0625,0.0,0,0,0,0,0,0,0,0,16,46
52,\N,\N,Ralph,Firman,1975-05-20,Irish,0,0.07142857142857142,0.0,0,0,0,0,0,0,0,0,14,49
53,\N,\N,Nicolas,Kiesa,1978-03-03,Danish,0,0.0,0.0,0,0,0,0,0,0,0,0,5,46
54,\N,\N,Luciano,Burti,1975-03-05,Brazilian,0,0.0,0.0,0,0,0,0,0,0,0,0,15,49
55,\N,\N,Jean,Alesi,1964-06-11,French,0,1.193069306930693,0.0,61,0,0,0,0,0,0,0,202,60
56,\N,\N,Eddie,Irvine,1965-11-10,British,0,1.2993197278911566,0.0,51,0,0,0,0,0,0,0,147,59
57,\N,\N,Mika,Häkkinen,1968-09-28,Finnish,0,2.5454545454545454,0.0,73,0,0,0,0,0,0,0,165,56
58,\N,\N,Tarso,Marques,1976-01-19,Brazilian,0,0.0,0.0,0,0,0,0,0,0,0,0,26,48
59,\N,\N,Enrique,Bernoldi,1978-10-19,Brazilian,0,0.0,0.0,0,0,0,0,0,0,0,0,29,46
60,\N,\N,Gastón,Mazzacane,1975-05-08,Argentine,0,0.0,0.0,1,0,0,0,0,0,0,0,21,49
61,\N,\N,Tomáš,Enge,1976-09-11,Czech,0,0.0,0.0,0,0,0,0,0,0,0,0,3,48
62,\N,\N,Alex,Yoong,1976-07-20,Malaysian,0,0.0,0.0,0,0,0,0,0,0,0,0,16,48
63,\N,\N,Mika,Salo,1966-11-30,Finnish,0,0.2972972972972973,0.0,11,0,0,0,0,0,0,0,111,58
64,\N,\N,Pedro,Diniz,1970-05-22,Brazilian,0,0.10101010101010101,0.0,8,0,0,0,0,0,0,0,99,54
65,\N,\N,Johnny,Herbert,1964-06-25,British,0,0.593939393939394,0.0,29,0,0,0,0,0,0,0,165,60
66,\N,\N,Allan,McNish,1969-12-29,British,0,0.0,0.0,1,0,0,0,0,0,0,0,17,55
67,\N,BUE,Sébastien,Buemi,1988-10-31,Swiss,0,0.5272727272727272,198.8822156862745,18,0,0,0,0,0,0,0,20,36
68,\N,\N,Toranosuke,Takagi,1974-02-12,Japanese,0,0.0,0.0,1,0,0,0,0,0,0,0,32,50
69,\N,BAD,Luca,Badoer,1971-01-25,Italian,0,0.0,211.786,1,0,0,0,0,0,0,0,56,53
70,\N,\N,Alessandro,Zanardi,1966-10-23,Italian,0,0.022727272727272728,0.0,4,0,0,0,0,0,0,0,44,58
71,\N,\N,Damon,Hill,1960-09-17,British,0,2.9508196721311477,0.0,57,0,0,0,0,0,0,0,122,64
72,\N,\N,Stéphane,Sarrazin,1975-11-02,French,0,0.0,0.0,0,0,0,0,0,0,0,0,1,49
73,\N,\N,Ricardo,Rosset,1968-07-27,Brazilian,0,0.0,0.0,0,0,0,0,0,0,0,0,30,56
74,\N,\N,Esteban,Tuero,1978-04-22,Argentine,0,0.0,0.0,0,0,0,0,0,0,0,0,16,46
75,\N,\N,Shinji,Nakano,1971-04-01,Japanese,0,0.06060606060606061,0.0,5,0,0,0,0,0,0,0,33,53
76,\N,MAG,Jan,Magnussen,1973-07-04,Danish,0,0.04,0.0,1,0,0,0,0,0,0,0,25,51
77,\N,\N,Gerhard,Berger,1959-08-27,Austrian,0,1.8333333333333333,0.0,81,0,0,0,0,0,0,0,210,65
78,\N,\N,Nicola,Larini,1964-03-19,Italian,0,0.09333333333333334,0.0,2,0,0,0,0,0,0,0,75,60
79,\N,\N,Ukyo,Katayama,1963-05-29,Japanese,0,0.05154639175257732,0.0,1,0,0,0,0,0,0,0,97,61
80,\N,\N,Vincenzo,Sospiri,1966-10-07,Italian,0,0.0,0.0,0,0,0,0,0,0,0,0,1,58
81,\N,\N,Gianni,Morbidelli,1968-01-13,Italian,0,0.12142857142857143,0.0,4,0,0,0,0,0,0,0,70,56
82,\N,\N,Norberto,Fontana,1975-01-20,Argentine,0,0.0,0.0,0,0,0,0,0,0,0,0,4,49
83,\N,\N,Pedro,Lamy,1972-03-20,Portuguese,0,0.03125,0.0,1,0,0,0,0,0,0,0,32,52
84,\N,\N,Martin,Brundle,1959-06-01,British,0,0.593939393939394,0.0,20,0,0,0,0,0,0,0,165,65
85,\N,\N,Andrea,Montermini,1964-05-30,Italian,0,0.0,0.0,0,0,0,0,0,0,0,0,28,60
86,\N,\N,Giovanni,Lavaggi,1958-02-18,Italian,0,0.0,0.0,0,0,0,0,0,0,0,0,10,66
87,\N,\N,Mark,Blundell,1966-04-08,British,0,0.5079365079365079,0.0,7,0,0,0,0,0,0,0,63,58
88,\N,\N,Aguri,Suzuki,1960-09-08,Japanese,0,0.09090909090909091,0.0,2,0,0,0,0,0,0,0,88,64
89,\N,\N,Taki,Inoue,1963-09-05,Japanese,0,0.0,0.0,0,0,0,0,0,0,0,0,18,61
90,\N,\N,Roberto,Moreno,1959-02-11,Brazilian,0,0.20270270270270271,0.0,2,0,0,0,0,0,0,0,74,65
91,\N,\N,Karl,Wendlinger,1968-12-20,Austrian,0,0.3333333333333333,0.0,1,0,0,0,0,0,0,0,42,56
92,\N,\N,Bertrand,Gachot,1962-12-23,Belgian,0,0.05952380952380952,0.0,2,0,0,0,0,0,0,0,84,62
93,\N,\N,Domenico,Schiattarella,1967-11-17,Italian,0,0.0,0.0,0,0,0,0,0,0,0,0,7,57
94,\N,\N,Pierluigi,Martini,1961-04-23,Italian,0,0.14634146341463414,0.0,1,0,0,0,0,0,0,0,123,63
95,\N,\N,Nigel,Mansell,1953-08-08,British,0,2.5104166666666665,0.0,69,0,0,0,0,0,0,0,192,71
96,\N,\N,Jean-Christophe,Boullion,1969-12-27,French,0,0.2727272727272727,0.0,0,0,0,0,0,0,0,0,11,55
97,\N,\N,Massimiliano,Papis,1969-10-03,Italian,0,0.0,0.0,0,0,0,0,0,0,0,0,7,55
98,\N,\N,Jean-Denis,Délétraz,1963-10-01,Swiss,0,0.0,0.0,0,0,0,0,0,0,0,0,3,61
99,\N,\N,Gabriele,Tarquini,1962-03-02,Italian,0,0.01282051282051282,0.0,0,0,0,0,0,0,0,0,78,62
100,\N,\N,Érik,Comas,1963-09-28,French,0,0.1111111111111111,0.0,2,0,0,0,0,0,0,0,63,61
101,\N,\N,David,Brabham,1965-09-05,Australian,0,0.0,0.0,0,0,0,0,0,0,0,0,30,59
102,\N,\N,Ayrton,Senna,1960-03-21,Brazilian,0,3.7901234567901234,0.0,85,0,0,0,0,0,0,0,162,64
103,\N,\N,Éric,Bernard,1964-08-24,French,0,0.2127659574468085,0.0,3,0,0,0,0,0,0,0,47,60
104,\N,\N,Christian,Fittipaldi,1971-01-18,Brazilian,0,0.27906976744186046,0.0,1,0,0,0,0,0,0,0,43,53
105,\N,\N,Michele,Alboreto,1956-12-23,Italian,0,0.8674418604651163,0.0,33,0,0,0,0,0,0,0,215,68
106,\N,\N,Olivier,Beretta,1969-11-23,Monegasque,0,0.0,0.0,0,0,0,0,0,0,0,0,10,55
107,\N,\N,Roland,Ratzenberger,1960-07-04,Austrian,0,0.0,0.0,0,0,0,0,0,0,0,0,3,64
108,\N,\N,Paul,Belmondo,1963-04-23,French,0,0.0,0.0,0,0,0,0,0,0,0,0,27,61
109,\N,\N,Jyrki,Järvilehto,1966-01-31,Finnish,0,0.14285714285714285,0.0,2,0,0,0,0,0,0,0,70,58
110,\N,\N,Andrea,de Cesaris,1959-05-31,Italian,0,0.2757009345794392,0.0,9,0,0,0,0,0,0,0,214,65
111,\N,\N,Jean-Marc,Gounon,1963-01-01,French,0,0.0,0.0,0,0,0,0,0,0,0,0,9,61
112,\N,\N,Philippe,Alliot,1954-07-27,French,0,0.06086956521739131,0.0,0,0,0,0,0,0,0,0,115,70
113,\N,\N,Philippe,Adams,1969-11-19,Belgian,0,0.0,0.0,0,0,0,0,0,0,0,0,2,55
114,\N,\N,Yannick,Dalmas,1961-07-28,French,0,0.0,0.0,0,0,0,0,0,0,0,0,50,63
115,\N,\N,Hideki,Noda,1969-03-07,Japanese,0,0.0,0.0,0,0,0,0,0,0,0,0,3,55
116,\N,\N,Franck,Lagorce,1968-09-01,French,0,0.0,0.0,0,0,0,0,0,0,0,0,2,56
117,\N,\N,Alain,Prost,1955-02-24,French,0,3.952970297029703,0.0,119,0,0,0,0,0,0,0,202,69
118,\N,\N,Derek,Warwick,1954-08-27,British,0,0.4382716049382716,0.0,15,0,0,0,0,0,0,0,162,70
119,\N,\N,Riccardo,Patrese,1954-04-17,Italian,0,1.093385214007782,0.0,57,0,0,0,0,0,0,0,257,70
120,\N,\N,Fabrizio,Barbazza,1963-04-02,Italian,0,0.1,0.0,0,0,0,0,0,0,0,0,20,61
121,\N,\N,Michael,Andretti,1962-10-05,American,0,0.5384615384615384,0.0,0,0,0,0,0,0,0,0,13,62
122,\N,\N,Ivan,Capelli,1963-05-24,Italian,0,0.3163265306122449,0.0,6,0,0,0,0,0,0,0,98,61
123,\N,\N,Thierry,Boutsen,1957-07-13,Belgian,0,0.8048780487804879,0.0,24,0,0,0,0,0,0,0,164,67
124,\N,\N,Marco,Apicella,1965-10-07,Italian,0,0.0,0.0,0,0,0,0,0,0,0,0,1,59
125,\N,\N,Emanuele,Naspetti,1968-02-24,Italian,0,0.0,0.0,0,0,0,0,0,0,0,0,6,56
126,\N,\N,Toshio,Suzuki,1955-03-10,Japanese,0,0.0,0.0,0,0,0,0,0,0,0,0,2,69
127,\N,\N,Maurício,Gugelmin,1963-04-20,Brazilian,0,0.125,0.0,5,0,0,0,0,0,0,0,80,61
128,\N,\N,Eric,van de Poele,1961-09-30,Belgian,0,0.0,0.0,0,0,0,0,0,0,0,0,29,63
129,\N,\N,Olivier,Grouillard,1958-09-02,French,0,0.016129032258064516,0.0,0,0,0,0,0,0,0,0,62,66
130,\N,\N,Andrea,Chiesa,1964-05-06,Swiss,0,0.0,0.0,0,0,0,0,0,0,0,0,10,60
131,\N,\N,Stefano,Modena,1963-05-12,Italian,0,0.20987654320987653,0.0,4,0,0,0,0,0,0,0,81,61
132,\N,\N,Giovanna,Amati,1959-07-20,Italian,0,0.0,0.0,0,0,0,0,0,0,0,0,3,65
133,\N,\N,Alex,Caffi,1964-03-18,Italian,0,0.08,0.0,1,0,0,0,0,0,0,0,75,60
134,\N,\N,Enrico,Bertaggia,1964-09-19,Italian,0,0.0,0.0,0,0,0,0,0,0,0,0,6,60
135,\N,\N,Perry,McCarthy,1961-03-03,British,0,0.0,0.0,0,0,0,0,0,0,0,0,7,63
136,\N,\N,Jan,Lammers,1956-06-02,Dutch,0,0.0,0.0,0,0,0,0,0,0,0,0,41,68
137,\N,\N,Nelson,Piquet,1952-08-17,Brazilian,0,2.345410628019324,0.0,86,0,0,0,0,0,0,0,207,72
138,\N,\N,Satoru,Nakajima,1953-02-23,Japanese,0,0.2,0.0,3,0,0,0,0,0,0,0,80,71
139,\N,\N,Emanuele,Pirro,1962-01-12,Italian,0,0.075,0.0,1,0,0,0,0,0,0,0,40,62
140,\N,\N,Stefan,Johansson,1956-09-08,Swedish,0,0.8543689320388349,0.0,14,0,0,0,0,0,0,0,103,68
141,\N,\N,Julian,Bailey,1961-10-09,British,0,0.05,0.0,0,0,0,0,0,0,0,0,20,63
142,\N,\N,Pedro,Chaves,1965-02-27,Portuguese,0,0.0,0.0,0,0,0,0,0,0,0,0,13,59
143,\N,\N,Michael,Bartels,1968-03-08,German,0,0.0,0.0,0,0,0,0,0,0,0,0,4,56
144,\N,\N,Naoki,Hattori,1966-06-13,Japanese,0,0.0,0.0,0,0,0,0,0,0,0,0,2,58
145,\N,\N,Alessandro,Nannini,1959-07-07,Italian,0,0.8441558441558441,0.0,16,0,0,0,0,0,0,0,77,65
146,\N,\N,Bernd,Schneider,1964-07-20,German,0,0.0,0.0,0,0,0,0,0,0,0,0,32,60
147,\N,\N,Paolo,Barilla,1961-04-20,Italian,0,0.0,0.0,0,0,0,0,0,0,0,0,15,63
148,\N,\N,Gregor,Foitek,1965-03-27,Swiss,0,0.0,0.0,0,0,0,0,0,0,0,0,22,59
149,\N,\N,Claudio,Langes,1960-07-20,Italian,0,0.0,0.0,0,0,0,0,0,0,0,0,14,64
150,\N,\N,Gary,Brabham,1961-03-29,Australian,0,0.0,0.0,0,0,0,0,0,0,0,0,2,63
151,\N,\N,Martin,Donnelly,1964-03-26,British,0,0.0,0.0,1,0,0,0,0,0,0,0,15,60
152,\N,\N,Bruno,Giacomelli,1952-09-10,Italian,0,0.17073170731707318,0.0,7,0,0,0,0,0,0,0,82,72
153,\N,ALG,Jaime,Alguersuari,1990-03-23,Spanish,0,0.6739130434782609,199.08,14,0,0,0,0,0,0,0,18,34
154,8,GRO,Romain,Grosjean,1986-04-17,French,0,2.160220994475138,200.75933532934127,51,5,6,0,0,0,4,1,70,38
155,10,KOB,Kamui,Kobayashi,1986-09-13,Japanese,0,1.644736842105263,195.628,31,0,0,0,0,0,17,1,35,38
156,\N,\N,Jonathan,Palmer,1956-11-07,British,0,0.1590909090909091,0.0,0,0,0,0,0,0,0,0,88,68
157,\N,\N,Christian,Danner,1958-04-04,German,0,0.0851063829787234,0.0,0,0,0,0,0,0,0,0,47,66
158,\N,\N,Eddie,Cheever,1958-01-10,American,0,0.48951048951048953,0.0,14,0,0,0,0,0,0,0,143,66
159,\N,\N,Luis,Pérez-Sala,1959-05-15,Spanish,0,0.03125,0.0,0,0,0,0,0,0,0,0,32,65
160,\N,\N,Piercarlo,Ghinzani,1952-01-16,Italian,0,0.018018018018018018,0.0,0,0,0,0,0,0,0,0,111,72
161,\N,\N,Volker,Weidler,1962-03-18,German,0,0.0,0.0,0,0,0,0,0,0,0,0,10,62
162,\N,\N,Pierre-Henri,Raphanel,1961-05-27,French,0,0.0,0.0,0,0,0,0,0,0,0,0,17,63
163,\N,\N,René,Arnoux,1948-07-04,French,0,1.103658536585366,0.0,30,0,0,0,0,0,0,0,164,76
164,\N,\N,Joachim,Winkelhock,1960-10-24,German,0,0.0,0.0,0,0,0,0,0,0,0,0,7,64
165,\N,\N,Oscar,Larrauri,1954-08-19,Argentine,0,0.0,0.0,0,0,0,0,0,0,0,0,21,70
166,\N,\N,Philippe,Streiff,1955-06-26,French,0,0.2037037037037037,0.0,1,0,0,0,0,0,0,0,54,69
167,\N,\N,Adrián,Campos,1960-06-17,Spanish,0,0.0,0.0,0,0,0,0,0,0,0,0,21,64
168,\N,\N,Jean-Louis,Schlesser,1948-09-12,French,0,0.0,0.0,0,0,0,0,0,0,0,0,2,76
169,\N,\N,Pascal,Fabre,1960-01-09,French,0,0.0,0.0,0,0,0,0,0,0,0,0,12,64
170,\N,\N,Teo,Fabi,1955-03-09,Italian,0,0.323943661971831,0.0,2,0,0,0,0,0,0,0,71,69
171,\N,\N,Franco,Forini,1958-09-22,Swiss,0,0.0,0.0,0,0,0,0,0,0,0,0,2,66
172,\N,\N,Jacques,Laffite,1943-11-21,French,0,1.2666666666666666,0.0,44,0,0,0,0,0,0,0,180,81
173,\N,\N,Elio,de Angelis,1958-03-26,Italian,0,1.1090909090909091,0.0,22,0,0,0,0,0,0,0,110,66
174,\N,\N,Johnny,Dumfries,1958-04-26,British,0,0.1875,0.0,0,0,0,0,0,0,0,0,16,66
175,\N,\N,Patrick,Tambay,1949-06-25,French,0,0.8442622950819673,0.0,23,0,0,0,0,0,0,0,122,75
176,\N,\N,Marc,Surer,1951-09-18,Swiss,0,0.19318181818181818,0.0,3,0,0,0,0,0,0,0,88,73
177,\N,\N,Keke,Rosberg,1948-12-06,Finnish,0,1.24609375,0.0,28,0,0,0,0,0,0,0,128,76
178,\N,\N,Alan,Jones,1946-11-02,Australian,0,1.7606837606837606,0.0,37,0,0,0,0,0,0,0,117,78
179,\N,\N,Huub,Rothengatter,1954-10-08,Dutch,0,0.0,0.0,0,0,0,0,0,0,0,0,28,70
180,\N,\N,Allen,Berg,1961-08-01,Canadian,0,0.0,0.0,0,0,0,0,0,0,0,0,9,63
181,\N,\N,Manfred,Winkelhock,1951-10-06,German,0,0.03636363636363636,0.0,0,0,0,0,0,0,0,0,55,73
182,\N,\N,Niki,Lauda,1949-02-22,Austrian,0,2.4166666666666665,0.0,68,0,0,0,0,0,0,0,174,75
183,\N,\N,François,Hesnault,1956-12-30,French,0,0.0,0.0,0,0,0,0,0,0,0,0,20,68
184,\N,\N,Mauro,Baldi,1954-01-31,Italian,0,0.12195121951219512,0.0,1,0,0,0,0,0,0,0,41,70
185,\N,\N,Stefan,Bellof,1957-11-20,German,0,0.18181818181818182,0.0,1,0,0,0,0,0,0,0,22,67
186,\N,\N,Kenny,Acheson,1957-11-27,British,0,0.0,0.0,0,0,0,0,0,0,0,0,9,67
187,\N,\N,John,Watson,1946-05-04,British,0,1.0974025974025974,0.0,42,0,0,0,0,0,0,0,154,78
188,\N,\N,Johnny,Cecotto,1956-01-25,Venezuelan,0,0.043478260869565216,0.0,0,0,0,0,0,0,0,0,23,68
189,\N,\N,Jo,Gartner,1954-01-24,Austrian,0,0.0,0.0,0,0,0,0,0,0,0,0,8,70
190,\N,\N,Corrado,Fabi,1961-04-12,Italian,0,0.0,0.0,0,0,0,0,0,0,0,0,18,63
191,\N,\N,Mike,Thackwell,1961-03-30,New Zealander,0,0.0,0.0,0,0,0,0,0,0,0,0,5,63
192,\N,\N,Chico,Serra,1957-02-03,Brazilian,0,0.03125,0.0,0,0,0,0,0,0,0,0,32,67
193,\N,\N,Danny,Sullivan,1950-03-09,American,0,0.13333333333333333,0.0,0,0,0,0,0,0,0,0,15,74
194,\N,\N,Eliseo,Salazar,1954-11-14,Chilean,0,0.08108108108108109,0.0,0,0,0,0,0,0,0,0,37,70
195,\N,\N,Roberto,Guerrero,1958-11-16,Colombian,0,0.0,0.0,0,0,0,0,0,0,0,0,29,66
196,\N,\N,Raul,Boesel,1957-12-04,Brazilian,0,0.0,0.0,0,0,0,0,0,0,0,0,30,67
197,\N,\N,Jean-Pierre,Jarier,1946-07-10,French,0,0.2202797202797203,0.0,12,0,0,0,0,0,0,0,143,78
198,\N,\N,Jacques,Villeneuve Sr.,1953-11-04,Canadian,0,0.0,0.0,0,0,0,0,0,0,0,0,3,71
199,\N,\N,Carlos,Reutemann,1942-04-12,Argentine,0,2.1232876712328768,0.0,64,0,0,0,0,0,0,0,146,82
200,\N,\N,Jochen,Mass,1946-09-30,German,0,0.6228070175438597,0.0,26,0,0,0,0,0,0,0,114,78
201,\N,\N,Slim,Borgudd,1946-11-25,Swedish,0,0.06666666666666667,0.0,0,0,0,0,0,0,0,0,15,78
202,\N,\N,Didier,Pironi,1952-03-26,French,0,1.4027777777777777,0.0,22,0,0,0,0,0,0,0,72,72
203,\N,\N,Gilles,Villeneuve,1950-01-18,Canadian,0,1.5735294117647058,0.0,23,0,0,0,0,0,0,0,68,74
204,\N,\N,Riccardo,Paletti,1958-06-15,Italian,0,0.0,0.0,0,0,0,0,0,0,0,0,8,66
205,\N,\N,Brian,Henton,1946-09-19,British,0,0.0,0.0,0,0,0,0,0,0,0,0,37,78
206,\N,\N,Derek,Daly,1953-03-11,Irish,0,0.234375,0.0,5,0,0,0,0,0,0,0,64,71
207,\N,\N,Mario,Andretti,1940-02-28,American,0,1.3953488372093024,0.0,36,0,0,0,0,0,0,0,129,84
208,\N,\N,Emilio,de Villota,1946-07-26,Spanish,0,0.0,0.0,0,0,0,0,0,0,0,0,14,78
209,\N,\N,Geoff,Lees,1951-05-01,British,0,0.0,0.0,0,0,0,0,0,0,0,0,12,73
210,\N,\N,Tommy,Byrne,1958-05-06,Irish,0,0.0,0.0,0,0,0,0,0,0,0,0,5,66
211,\N,\N,Rupert,Keegan,1955-02-26,British,0,0.0,0.0,0,0,0,0,0,0,0,0,37,69
212,\N,\N,Hector,Rebaque,1956-02-05,Mexican,0,0.22413793103448276,0.0,3,0,0,0,0,0,0,0,58,68
213,\N,\N,Beppe,Gabbiani,1957-01-02,Italian,0,0.0,0.0,0,0,0,0,0,0,0,0,17,67
214,\N,\N,Kevin,Cogan,1956-03-31,American,0,0.0,0.0,0,0,0,0,0,0,0,0,2,68
215,\N,\N,Miguel Ángel,Guerra,1953-08-31,Argentine,0,0.0,0.0,0,0,0,0,0,0,0,0,4,71
216,\N,\N,Siegfried,Stohr,1952-10-10,Italian,0,0.0,0.0,0,0,0,0,0,0,0,0,13,72
217,\N,\N,Ricardo,Zunino,1949-04-13,Argentine,0,0.0,0.0,0,0,0,0,0,0,0,0,11,75
218,\N,\N,Ricardo,Londoño,1949-08-08,Colombian,0,0.0,0.0,0,0,0,0,0,0,0,0,1,75
219,\N,\N,Jean-Pierre,Jabouille,1942-10-01,French,0,0.38181818181818183,0.0,4,0,0,0,0,0,0,0,55,82
220,\N,\N,Giorgio,Francia,1947-11-08,Italian,0,0.0,0.0,0,0,0,0,0,0,0,0,2,77
221,\N,\N,Patrick,Depailler,1944-08-09,French,0,1.4842105263157894,0.0,36,0,0,0,0,0,0,0,95,80
222,\N,\N,Jody,Scheckter,1950-01-29,South African,0,2.256637168141593,0.0,49,0,0,0,0,0,0,0,113,74
223,\N,\N,Clay,Regazzoni,1939-09-05,Swiss,0,1.536231884057971,0.0,50,0,0,0,0,0,0,0,138,85
224,\N,\N,Emerson,Fittipaldi,1946-12-12,Brazilian,0,1.8859060402684564,0.0,49,0,0,0,0,0,0,0,149,78
225,\N,\N,Dave,Kennedy,1953-01-15,Irish,0,0.0,0.0,0,0,0,0,0,0,0,0,7,71
226,\N,\N,Stephen,South,1952-02-19,British,0,0.0,0.0,0,0,0,0,0,0,0,0,1,72
227,\N,\N,Tiff,Needell,1951-10-29,British,0,0.0,0.0,0,0,0,0,0,0,0,0,2,73
228,\N,\N,Desiré,Wilson,1953-11-26,South African,0,0.0,0.0,0,0,0,0,0,0,0,0,1,71
229,\N,\N,Harald,Ertl,1948-08-31,Austrian,0,0.0,0.0,1,0,0,0,0,0,0,0,29,76
230,\N,\N,Vittorio,Brambilla,1937-11-11,Italian,0,0.1987179487179487,0.0,10,0,0,0,0,0,0,0,78,87
231,\N,\N,James,Hunt,1947-08-29,British,0,1.924731182795699,0.0,32,0,0,0,0,0,0,0,93,77
232,\N,\N,Arturo,Merzario,1943-03-11,Italian,0,0.13095238095238096,0.0,4,0,0,0,0,0,0,0,84,81
233,\N,\N,Hans-Joachim,Stuck,1951-01-01,German,0,0.35802469135802467,0.0,9,0,0,0,0,0,0,0,81,73
234,\N,\N,Gianfranco,Brancatelli,1950-01-18,Italian,0,0.0,0.0,0,0,0,0,0,0,0,0,3,74
235,\N,\N,Jacky,Ickx,1945-01-01,Belgian,0,1.4958677685950412,0.0,31,0,0,0,0,0,0,0,121,79
236,\N,\N,Patrick,Gaillard,1952-02-12,French,0,0.0,0.0,0,0,0,0,0,0,0,0,5,72
237,\N,\N,Alex,Ribeiro,1948-11-07,Brazilian,0,0.0,0.0,0,0,0,0,0,0,0,0,20,76
238,\N,\N,Ronnie,Peterson,1944-02-14,Swedish,0,1.6747967479674797,0.0,40,0,0,0,0,0,0,0,123,80
239,\N,\N,Brett,Lunger,1945-11-14,American,0,0.0,0.0,0,0,0,0,0,0,0,0,42,79
240,\N,\N,Danny,Ongais,1942-05-21,American,0,0.0,0.0,0,0,0,0,0,0,0,0,6,82
241,\N,\N,Lamberto,Leoni,1953-05-24,Italian,0,0.0,0.0,0,0,0,0,0,0,0,0,5,71
242,\N,\N,Divina,Galica,1944-08-13,British,0,0.0,0.0,0,0,0,0,0,0,0,0,3,80
243,\N,\N,Rolf,Stommelen,1943-07-11,German,0,0.22950819672131148,0.0,8,0,0,0,0,0,0,0,61,81
244,\N,\N,Alberto,Colombo,1946-02-23,Italian,0,0.0,0.0,0,0,0,0,0,0,0,0,3,78
245,\N,\N,Tony,Trimmer,1943-01-24,British,0,0.0,0.0,0,0,0,0,0,0,0,0,6,81
246,\N,\N,Hans,Binder,1948-06-12,Austrian,0,0.0,0.0,0,0,0,0,0,0,0,0,15,76
247,\N,\N,Michael,Bleekemolen,1949-10-02,Dutch,0,0.0,0.0,0,0,0,0,0,0,0,0,5,75
248,\N,\N,Carlo,Franchi,1938-01-01,Italian,0,0.0,0.0,0,0,0,0,0,0,0,0,1,86
249,\N,\N,Bobby,Rahal,1953-01-10,American,0,0.0,0.0,0,0,0,0,0,0,0,0,2,71
250,\N,\N,Carlos,Pace,1944-10-06,Brazilian,0,0.7945205479452054,0.0,12,0,0,0,0,0,0,0,73,80
251,\N,\N,Ian,Scheckter,1947-08-22,South African,0,0.0,0.0,0,0,0,0,0,0,0,0,20,77
252,\N,\N,Tom,Pryce,1949-06-11,British,0,0.4523809523809524,0.0,10,0,0,0,0,0,0,0,42,75
253,\N,\N,Ingo,Hoffmann,1953-02-28,Brazilian,0,0.0,0.0,0,0,0,0,0,0,0,0,6,71
254,\N,\N,Renzo,Zorzi,1946-12-12,Italian,0,0.14285714285714285,0.0,0,0,0,0,0,0,0,0,7,78
255,\N,\N,Gunnar,Nilsson,1948-11-20,Swedish,0,0.96875,0.0,7,0,0,0,0,0,0,0,32,76
256,\N,\N,Larry,Perkins,1950-03-18,Australian,0,0.0,0.0,0,0,0,0,0,0,0,0,15,74
257,\N,\N,Boy,Lunger,1949-05-03,Dutch,0,0.0,0.0,0,0,0,0,0,0,0,0,7,75
258,\N,\N,Patrick,Nève,1949-10-13,Belgian,0,0.0,0.0,0,0,0,0,0,0,0,0,13,75
259,\N,\N,David,Purley,1945-01-26,British,0,0.0,0.0,0,0,0,0,0,0,0,0,11,79
260,\N,\N,Conny,Andersson,1939-12-28,Swedish,0,0.0,0.0,0,0,0,0,0,0,0,0,5,85
261,\N,\N,Bernard,de Dryver,1952-09-19,Belgian,0,0.0,0.0,0,0,0,0,0,0,0,0,1,72
262,\N,\N,Jackie,Oliver,1942-08-14,British,0,0.2549019607843137,0.0,6,0,0,0,0,0,0,0,51,82
263,\N,\N,Mikko,Kozarowitzky,1948-05-17,Finnish,0,0.0,0.0,0,0,0,0,0,0,0,0,2,76
264,\N,\N,Andy,Sutcliffe,1947-05-09,British,0,0.0,0.0,0,0,0,0,0,0,0,0,1,77
265,\N,\N,Guy,Edwards,1942-12-30,British,0,0.0,0.0,0,0,0,0,0,0,0,0,16,82
266,\N,\N,Brian,McGuire,1945-12-13,Australian,0,0.0,0.0,0,0,0,0,0,0,0,0,1,79
267,\N,\N,Vern,Schuppan,1943-03-19,Australian,0,0.0,0.0,0,0,0,0,0,0,0,0,12,81
268,\N,\N,Hans,Heyer,1943-03-16,German,0,0.0,0.0,0,0,0,0,0,0,0,0,1,81
269,\N,\N,Teddy,Pilette,1942-07-26,Belgian,0,0.0,0.0,0,0,0,0,0,0,0,0,4,82
270,\N,\N,Ian,Ashley,1947-10-26,British,0,0.0,0.0,0,0,0,0,0,0,0,0,11,77
271,\N,\N,Loris,Kessel,1950-04-01,Swiss,0,0.0,0.0,0,0,0,0,0,0,0,0,6,74
272,\N,\N,Kunimitsu,Takahashi,1940-01-29,Japanese,0,0.0,0.0,0,0,0,0,0,0,0,0,1,84
273,\N,\N,Kazuyoshi,Hoshino,1947-07-01,Japanese,0,0.0,0.0,0,0,0,0,0,0,0,0,2,77
274,\N,\N,Noritake,Takahara,1951-06-06,Japanese,0,0.0,0.0,0,0,0,0,0,0,0,0,2,73
275,\N,\N,Lella,Lombardi,1941-03-26,Italian,0,0.029411764705882353,0.0,1,0,0,0,0,0,0,0,17,83
276,\N,\N,Bob,Evans,1947-06-11,British,0,0.0,0.0,0,0,0,0,0,0,0,0,12,77
277,\N,\N,Michel,Leclère,1946-03-18,French,0,0.0,0.0,0,0,0,0,0,0,0,0,8,78
278,\N,\N,Chris,Amon,1943-07-20,New Zealander,0,0.7830188679245284,0.0,15,0,0,0,0,0,0,0,106,81
279,\N,\N,Emilio,Zapico,1944-05-27,Spanish,0,0.0,0.0,0,0,0,0,0,0,0,0,1,80
280,\N,\N,Henri,Pescarolo,1942-09-25,French,0,0.2033898305084746,0.0,5,0,0,0,0,0,0,0,59,82
281,\N,\N,Jac,Nelleman,1944-04-19,Danish,0,0.0,0.0,0,0,0,0,0,0,0,0,1,80
282,\N,\N,Damien,Magee,1945-11-17,British,0,0.0,0.0,0,0,0,0,0,0,0,0,2,79
283,\N,\N,Mike,Wilds,1946-01-07,British,0,0.0,0.0,0,0,0,0,0,0,0,0,8,78
284,\N,\N,Alessandro,Pesenti-Rossi,1942-08-31,Italian,0,0.0,0.0,0,0,0,0,0,0,0,0,4,82
285,\N,\N,Otto,Stuppacher,1947-03-03,Austrian,0,0.0,0.0,0,0,0,0,0,0,0,0,3,77
286,\N,\N,Warwick,Brown,1949-12-24,Australian,0,0.0,0.0,0,0,0,0,0,0,0,0,1,75
287,\N,\N,Masahiro,Hasemi,1945-11-13,Japanese,0,0.0,0.0,0,0,0,0,0,0,0,0,1,79
288,\N,\N,Mark,Donohue,1937-03-18,American,0,0.5333333333333333,0.0,2,0,0,0,0,0,0,0,15,87
289,\N,\N,Graham,Hill,1929-02-15,British,0,1.6145251396648044,0.0,44,0,0,0,0,0,0,0,179,95
290,\N,\N,Wilson,Fittipaldi,1943-12-25,Brazilian,0,0.07894736842105263,0.0,3,0,0,0,0,0,0,0,38,81
291,\N,\N,Guy,Tunmer,1948-12-01,South African,0,0.0,0.0,0,0,0,0,0,0,0,0,1,76
292,\N,\N,Eddie,Keizan,1944-09-12,South African,0,0.0,0.0,0,0,0,0,0,0,0,0,3,80
293,\N,\N,Dave,Charlton,1936-10-27,South African,0,0.0,0.0,0,0,0,0,0,0,0,0,13,88
294,\N,\N,Tony,Brise,1952-03-28,British,0,0.1,0.0,1,0,0,0,0,0,0,0,10,72
295,\N,\N,Roelof,Wunderink,1948-12-12,Dutch,0,0.0,0.0,0,0,0,0,0,0,0,0,6,76
296,\N,\N,François,Migault,1944-12-04,French,0,0.0,0.0,0,0,0,0,0,0,0,0,15,80
297,\N,\N,Torsten,Palm,1947-07-23,Swedish,0,0.0,0.0,0,0,0,0,0,0,0,0,2,77
298,\N,\N,Gijs,van Lennep,1942-03-16,Dutch,0,0.2222222222222222,0.0,1,0,0,0,0,0,0,0,9,82
299,\N,\N,Hiroshi,Fushida,1946-03-10,Japanese,0,0.0,0.0,0,0,0,0,0,0,0,0,2,78
300,\N,\N,John,Nicholson,1941-10-06,New Zealander,0,0.0,0.0,0,0,0,0,0,0,0,0,2,83
301,\N,\N,Dave,Morgan,1944-08-07,British,0,0.0,0.0,0,0,0,0,0,0,0,0,1,80
302,\N,\N,Jim,Crawford,1948-02-13,British,0,0.0,0.0,0,0,0,0,0,0,0,0,2,76
303,\N,\N,Jo,Vonlanthen,1942-05-31,Swiss,0,0.0,0.0,0,0,0,0,0,0,0,0,1,82
304,\N,\N,Denny,Hulme,1936-06-18,New Zealander,0,2.2142857142857144,0.0,43,0,0,0,0,0,0,0,112,88
305,\N,\N,Mike,Hailwood,1940-04-02,British,0,0.5686274509803921,0.0,9,0,0,0,0,0,0,0,51,84
306,\N,\N,Jean-Pierre,Beltoise,1937-04-26,French,0,0.8850574712643678,0.0,18,0,0,0,0,0,0,0,87,87
307,\N,\N,Howden,Ganley,1941-12-24,New Zealander,0,0.2564102564102564,0.0,4,0,0,0,0,0,0,0,39,83
308,\N,\N,Richard,Robarts,1944-09-22,British,0,0.0,0.0,0,0,0,0,0,0,0,0,4,80
309,\N,\N,Peter,Revson,1939-02-27,American,0,1.967741935483871,0.0,12,0,0,0,0,0,0,0,31,85
310,\N,\N,Paddy,Driver,1934-05-13,South African,0,0.0,0.0,0,0,0,0,0,0,0,0,2,90
311,\N,\N,Tom,Belsø,1942-08-27,Danish,0,0.0,0.0,0,0,0,0,0,0,0,0,4,82
312,\N,\N,Brian,Redman,1937-03-09,British,0,0.6153846153846154,0.0,2,0,0,0,0,0,0,0,13,87
313,\N,\N,Rikky,von Opel,1947-10-14,Liechtensteiner,0,0.0,0.0,0,0,0,0,0,0,0,0,13,77
314,\N,\N,Tim,Schenken,1943-09-26,Australian,0,0.19444444444444445,0.0,3,0,0,0,0,0,0,0,36,81
315,\N,\N,Gérard,Larrousse,1940-05-23,French,0,0.0,0.0,0,0,0,0,0,0,0,0,2,84
316,\N,\N,Leo,Kinnunen,1943-08-05,Finnish,0,0.0,0.0,0,0,0,0,0,0,0,0,6,81
317,\N,\N,Reine,Wisell,1941-09-30,Swedish,0,0.5652173913043478,0.0,5,0,0,0,0,0,0,0,23,83
318,\N,\N,Bertil,Roos,1943-10-12,Swedish,0,0.0,0.0,0,0,0,0,0,0,0,0,1,81
319,\N,\N,José,Dolhem,1944-04-26,French,0,0.0,0.0,0,0,0,0,0,0,0,0,3,80
320,\N,\N,Peter,Gethin,1940-02-21,British,0,0.36666666666666664,0.0,2,0,0,0,0,0,0,0,30,84
321,\N,\N,Derek,Bell,1941-10-31,British,0,0.07142857142857142,0.0,1,0,0,0,0,0,0,0,14,83
322,\N,\N,David,Hobbs,1939-06-09,British,0,0.0,0.0,0,0,0,0,0,0,0,0,7,85
323,\N,\N,Dieter,Quester,1939-05-30,Austrian,0,0.0,0.0,0,0,0,0,0,0,0,0,1,85
324,\N,\N,Helmuth,Koinigg,1948-11-03,Austrian,0,0.0,0.0,0,0,0,0,0,0,0,0,3,76
325,\N,\N,Carlo,Facetti,1935-06-26,Italian,0,0.0,0.0,0,0,0,0,0,0,0,0,1,89
326,\N,\N,Eppie,Wietzes,1938-05-28,Canadian,0,0.0,0.0,0,0,0,0,0,0,0,0,2,86
327,\N,\N,François,Cevert,1944-02-25,French,0,1.8936170212765957,0.0,18,0,0,0,0,0,0,0,47,80
328,\N,\N,Jackie,Stewart,1939-06-11,British,0,3.6,0.0,50,0,0,0,0,0,0,0,100,85
329,\N,\N,Mike,Beuttler,1940-04-13,British,0,0.0,0.0,1,0,0,0,0,0,0,0,29,84
330,\N,\N,Nanni,Galli,1940-10-02,Italian,0,0.0,0.0,0,0,0,0,0,0,0,0,17,84
331,\N,\N,Luiz,Bueno,1937-01-16,Brazilian,0,0.0,0.0,0,0,0,0,0,0,0,0,1,87
332,\N,\N,George,Follmer,1934-01-27,American,0,0.4166666666666667,0.0,1,0,0,0,0,0,0,0,12,90
333,\N,\N,Andrea,de Adamich,1941-10-03,Italian,0,0.16666666666666666,0.0,0,0,0,0,0,0,0,0,36,83
334,\N,\N,Jackie,Pretorius,1934-11-22,South African,0,0.0,0.0,0,0,0,0,0,0,0,0,4,90
335,\N,\N,Roger,Williamson,1948-02-02,British,0,0.0,0.0,0,0,0,0,0,0,0,0,2,76
336,\N,\N,Graham,McRae,1940-03-05,New Zealander,0,0.0,0.0,0,0,0,0,0,0,0,0,1,84
337,\N,\N,Helmut,Marko,1943-04-27,Austrian,0,0.0,0.0,0,0,0,0,0,0,0,0,9,81
338,\N,\N,David,Walker,1941-06-10,Australian,0,0.0,0.0,0,0,0,0,0,0,0,0,11,83
339,\N,\N,Alex,Soler-Roig,1932-10-29,Spanish,0,0.0,0.0,0,0,0,0,0,0,0,0,9,92
340,\N,\N,John,Love,1924-12-07,Rhodesian,0,0.6,0.0,1,0,0,0,0,0,0,0,10,100
341,\N,\N,John,Surtees,1934-02-11,British,0,1.6071428571428572,0.0,26,0,0,0,0,0,0,0,112,90
342,\N,\N,Skip,Barber,1936-11-16,American,0,0.0,0.0,0,0,0,0,0,0,0,0,6,88
343,\N,\N,Bill,Brack,1935-12-26,Canadian,0,0.0,0.0,0,0,0,0,0,0,0,0,3,89
344,\N,\N,Sam,Posey,1944-05-26,American,0,0.0,0.0,0,0,0,0,0,0,0,0,2,80
345,\N,\N,Pedro,Rodríguez,1940-01-18,Mexican,0,1.3148148148148149,0.0,9,0,0,0,0,0,0,0,54,84
346,\N,\N,Jo,Siffert,1936-07-07,Swiss,0,0.68,0.0,10,0,0,0,0,0,0,0,100,88
347,\N,\N,Jo,Bonnier,1930-01-31,Swedish,0,0.3577981651376147,0.0,8,0,0,0,0,0,0,0,109,94
348,\N,\N,François,Mazet,1943-02-24,French,0,0.0,0.0,0,0,0,0,0,0,0,0,1,81
349,\N,\N,Max,Jean,1943-07-27,French,0,0.0,0.0,0,0,0,0,0,0,0,0,1,81
350,\N,\N,Vic,Elford,1935-06-10,British,0,0.6153846153846154,0.0,0,0,0,0,0,0,0,0,13,89
351,\N,\N,Silvio,Moser,1941-04-24,Swiss,0,0.16666666666666666,0.0,0,0,0,0,0,0,0,0,18,83
352,\N,\N,George,Eaton,1945-11-12,Canadian,0,0.0,0.0,0,0,0,0,0,0,0,0,13,79
353,\N,\N,Pete,Lovely,1926-04-11,American,0,0.0,0.0,0,0,0,0,0,0,0,0,11,98
354,\N,\N,Chris,Craft,1939-11-17,British,0,0.0,0.0,0,0,0,0,0,0,0,0,2,85
355,\N,\N,John,Cannon,1933-06-21,Canadian,0,0.0,0.0,0,0,0,0,0,0,0,0,1,91
356,\N,\N,Jack,Brabham,1926-04-02,Australian,0,2.0232558139534884,0.0,41,0,0,0,0,0,0,0,129,98
357,\N,\N,John,Miles,1943-06-14,British,0,0.13333333333333333,0.0,1,0,0,0,0,0,0,0,15,81
358,\N,\N,Jochen,Rindt,1942-04-18,Austrian,0,1.7580645161290323,0.0,15,0,0,0,0,0,0,0,62,82
359,\N,\N,Johnny,Servoz-Gavin,1942-01-18,French,0,0.75,0.0,1,0,0,0,0,0,0,0,12,82
360,\N,\N,Bruce,McLaren,1937-08-30,New Zealander,0,1.9077669902912622,0.0,27,0,0,0,0,0,0,0,103,87
361,\N,\N,Piers,Courage,1942-05-27,British,0,0.6896551724137931,0.0,4,0,0,0,0,0,0,0,29,82
362,\N,\N,Peter,de Klerk,1935-03-16,South African,0,0.0,0.0,0,0,0,0,0,0,0,0,4,89
363,\N,\N,Ignazio,Giunti,1941-08-30,Italian,0,0.75,0.0,1,0,0,0,0,0,0,0,4,83
364,\N,\N,Dan,Gurney,1931-04-13,American,0,1.528735632183908,0.0,21,0,0,0,0,0,0,0,87,93
365,\N,\N,Hubert,Hahne,1935-03-28,German,0,0.0,0.0,1,0,0,0,0,0,0,0,3,89
366,\N,\N,Gus,Hutchison,1937-04-26,American,0,0.0,0.0,0,0,0,0,0,0,0,0,1,87
367,\N,\N,Peter,Westbury,1938-05-26,British,0,0.0,0.0,0,0,0,0,0,0,0,0,1,86
368,\N,\N,Sam,Tingle,1921-08-24,Rhodesian,0,0.0,0.0,0,0,0,0,0,0,0,0,6,103
369,\N,\N,Basil,van Rooyen,1939-04-19,South African,0,0.0,0.0,0,0,0,0,0,0,0,0,2,85
370,\N,\N,Richard,Attwood,1940-04-04,British,0,0.6470588235294118,0.0,2,0,0,0,0,0,0,0,17,84
371,\N,\N,Al,Pease,1921-10-15,Canadian,0,0.0,0.0,0,0,0,0,0,0,0,0,2,103
372,\N,\N,John,Cordts,1935-07-23,Canadian,0,0.0,0.0,0,0,0,0,0,0,0,0,1,89
373,\N,\N,Jim,Clark,1936-03-04,British,0,3.7534246575342465,0.0,32,0,0,0,0,0,0,0,73,88
374,\N,\N,Mike,Spence,1936-12-30,British,0,0.75,0.0,4,0,0,0,0,0,0,0,36,88
375,\N,\N,Ludovico,Scarfiotti,1933-10-18,Italian,0,1.3076923076923077,0.0,1,0,0,0,0,0,0,0,13,91
376,\N,BIA,Lucien,Bianchi,1934-11-10,Belgian,0,0.3157894736842105,0.0,0,0,0,0,0,0,0,0,19,90
377,\N,\N,Jo,Schlesser,1928-05-18,French,0,0.0,0.0,0,0,0,0,0,0,0,0,2,96
378,\N,\N,Robin,Widdows,1942-05-27,British,0,0.0,0.0,0,0,0,0,0,0,0,0,1,82
379,\N,\N,Kurt,Ahrens,1940-04-19,German,0,0.0,0.0,0,0,0,0,0,0,0,0,2,84
380,\N,\N,Frank,Gardner,1930-10-01,Australian,0,0.0,0.0,0,0,0,0,0,0,0,0,9,94
381,\N,\N,Bobby,Unser,1934-02-20,American,0,0.0,0.0,0,0,0,0,0,0,0,0,1,90
382,\N,\N,Moisés,Solana,1935-12-26,Mexican,0,0.0,0.0,0,0,0,0,0,0,0,0,8,89
383,\N,\N,Bob,Anderson,1931-05-19,British,0,0.3076923076923077,0.0,0,0,0,0,0,0,0,0,26,93
384,\N,\N,Luki,Botha,1930-01-16,South African,0,0.0,0.0,0,0,0,0,0,0,0,0,1,94
385,\N,\N,Lorenzo,Bandini,1935-12-21,Italian,0,1.3181818181818181,0.0,9,0,0,0,0,0,0,0,44,89
386,\N,\N,Richie,Ginther,1930-08-05,American,0,1.9814814814814814,0.0,17,0,0,0,0,0,0,0,54,94
387,\N,\N,Mike,Parkes,1931-09-24,British,0,2.0,0.0,2,0,0,0,0,0,0,0,7,93
388,\N,\N,Chris,Irwin,1942-06-27,British,0,0.2,0.0,0,0,0,0,0,0,0,0,10,82
389,\N,\N,Guy,Ligier,1930-07-12,French,0,0.07692307692307693,0.0,0,0,0,0,0,0,0,0,13,94
390,\N,\N,Alan,Rees,1938-01-12,British,0,0.0,0.0,1,0,0,0,0,0,0,0,2,86
391,\N,\N,Brian,Hart,1936-09-07,British,0,0.0,0.0,0,0,0,0,0,0,0,0,1,88
392,\N,\N,Mike,Fisher,1943-03-13,American,0,0.0,0.0,0,0,0,0,0,0,0,0,2,81
393,\N,\N,Tom,Jones,1943-04-26,American,0,0.0,0.0,0,0,0,0,0,0,0,0,1,81
394,\N,\N,Giancarlo,Baghetti,1934-12-25,Italian,0,0.5384615384615384,0.0,3,0,0,0,0,0,0,0,26,90
395,\N,\N,Jonathan,Williams,1942-10-26,British,0,0.0,0.0,0,0,0,0,0,0,0,0,1,82
396,\N,\N,Bob,Bondurant,1933-04-27,American,0,0.3333333333333333,0.0,0,0,0,0,0,0,0,0,9,91
397,\N,\N,Peter,Arundell,1933-11-08,British,0,0.8,0.0,1,0,0,0,0,0,0,0,15,91
398,\N,\N,Vic,Wilson,1931-04-14,British,0,0.0,0.0,0,0,0,0,0,0,0,0,2,93
399,\N,\N,John,Taylor,1933-03-23,British,0,0.2,0.0,0,0,0,0,0,0,0,0,5,91
400,\N,\N,Chris,Lawrence,1933-07-27,British,0,0.0,0.0,0,0,0,0,0,0,0,0,2,91
401,\N,\N,Trevor,Taylor,1936-12-26,British,0,0.27586206896551724,0.0,1,0,0,0,0,0,0,0,29,88
402,\N,\N,Giacomo,Russo,1937-10-23,Italian,0,0.0,0.0,0,0,0,0,0,0,0,0,3,87
403,\N,\N,Phil,Hill,1927-04-20,American,0,1.8846153846153846,0.0,17,0,0,0,0,0,0,0,52,97
404,\N,\N,Innes,Ireland,1930-06-12,British,0,0.8545454545454545,0.0,5,0,0,0,0,0,0,0,55,94
405,\N,\N,Ronnie,Bucknum,1936-04-05,American,0,0.18181818181818182,0.0,0,0,0,0,0,0,0,0,11,88
406,\N,\N,Paul,Hawkins,1937-10-12,Australian,0,0.0,0.0,0,0,0,0,0,0,0,0,3,87
407,\N,\N,David,Prophet,1937-10-09,British,0,0.0,0.0,0,0,0,0,0,0,0,0,2,87
408,\N,\N,Tony,Maggs,1937-02-09,South African,0,0.9629629629629629,0.0,3,0,0,0,0,0,0,0,27,87
409,\N,\N,Trevor,Blokdyk,1935-11-30,South African,0,0.0,0.0,0,0,0,0,0,0,0,0,2,89
410,\N,\N,Neville,Lederle,1938-09-25,South African,0,0.3333333333333333,0.0,0,0,0,0,0,0,0,0,3,86
411,\N,\N,Doug,Serrurier,1920-12-09,South African,0,0.0,0.0,0,0,0,0,0,0,0,0,3,104
412,\N,\N,Brausch,Niemann,1939-01-07,South African,0,0.0,0.0,0,0,0,0,0,0,0,0,2,85
413,\N,\N,Ernie,Pieterse,1938-07-04,South African,0,0.0,0.0,0,0,0,0,0,0,0,0,3,86
414,\N,\N,Clive,Puzey,1941-07-11,Rhodesian,0,0.0,0.0,0,0,0,0,0,0,0,0,1,83
415,\N,\N,Ray,Reed,1932-04-30,South African,0,0.0,0.0,0,0,0,0,0,0,0,0,1,92
416,\N,\N,David,Clapham,1931-05-18,South African,0,0.0,0.0,0,0,0,0,0,0,0,0,1,93
417,\N,\N,Alex,Blignaut,1932-11-30,South African,0,0.0,0.0,0,0,0,0,0,0,0,0,1,92
418,\N,\N,Masten,Gregory,1932-02-29,American,0,0.45652173913043476,0.0,2,0,0,0,0,0,0,0,46,92
419,\N,\N,John,Rhodes,1927-08-18,British,0,0.0,0.0,0,0,0,0,0,0,0,0,1,97
420,\N,\N,Ian,Raby,1921-09-22,British,0,0.0,0.0,0,0,0,0,0,0,0,0,7,103
421,\N,\N,Alan,Rollinson,1943-05-15,British,0,0.0,0.0,0,0,0,0,0,0,0,0,1,81
422,\N,\N,Brian,Gubby,1934-04-17,British,0,0.0,0.0,0,0,0,0,0,0,0,0,1,90
423,\N,\N,Gerhard,Mitter,1935-08-30,German,0,0.6,0.0,1,0,0,0,0,0,0,0,5,89
424,\N,\N,Roberto,Bussinello,1927-10-04,Italian,0,0.0,0.0,0,0,0,0,0,0,0,0,4,97
425,\N,\N,Nino,Vaccarella,1933-03-04,Italian,0,0.0,0.0,0,0,0,0,0,0,0,0,5,91
426,\N,\N,Giorgio,Bassi,1934-01-20,Italian,0,0.0,0.0,0,0,0,0,0,0,0,0,1,90
427,\N,\N,Maurice,Trintignant,1917-10-30,French,0,0.8313793103448276,0.0,8,0,0,0,0,0,0,0,87,107
428,\N,\N,Bernard,Collomb,1930-10-07,French,0,0.0,0.0,0,0,0,0,0,0,0,0,6,94
429,\N,\N,André,Pilette,1918-10-06,Belgian,0,0.13333333333333333,0.0,0,0,0,0,0,0,0,0,15,106
430,\N,\N,Carel Godin,de Beaufort,1934-04-10,Dutch,0,0.12903225806451613,0.0,1,0,0,0,0,0,0,0,31,90
431,\N,\N,Edgar,Barth,1917-01-26,German,0,0.0,0.0,1,0,0,0,0,0,0,0,7,107
432,\N,\N,Mário de Araújo,Cabral,1934-01-15,Portuguese,0,0.0,0.0,0,0,0,0,0,0,0,0,5,90
433,\N,\N,Walt,Hansgen,1919-10-28,American,0,0.5,0.0,0,0,0,0,0,0,0,0,4,105
434,\N,\N,Hap,Sharp,1928-01-01,American,0,0.0,0.0,0,0,0,0,0,0,0,0,6,96
435,\N,\N,Willy,Mairesse,1928-10-01,Belgian,0,0.5833333333333334,0.0,1,0,0,0,0,0,0,0,12,96
436,\N,\N,John,Campbell-Jones,1930-01-21,British,0,0.0,0.0,0,0,0,0,0,0,0,0,5,94
437,\N,\N,Ian,Burgess,1930-07-06,British,0,0.0,0.0,2,0,0,0,0,0,0,0,26,94
438,\N,\N,Tony,Settember,1926-07-10,American,0,0.0,0.0,0,0,0,0,0,0,0,0,10,98
439,\N,\N,Nasif,Estéfano,1932-11-18,Argentine,0,0.0,0.0,0,0,0,0,0,0,0,0,5,92
440,\N,\N,Jim,Hall,1935-07-23,American,0,0.25,0.0,0,0,0,0,0,0,0,0,12,89
441,\N,\N,Tim,Parnell,1932-06-25,British,0,0.0,0.0,0,0,0,0,0,0,0,0,4,92
442,\N,\N,Kurt,Kuhnke,1910-04-30,German,0,0.0,0.0,0,0,0,0,0,0,0,0,2,114
443,\N,\N,Ernesto,Brambilla,1934-01-31,Italian,0,0.0,0.0,0,0,0,0,0,0,0,0,1,90
444,\N,\N,Roberto,Lippi,1926-10-17,Italian,0,0.0,0.0,0,0,0,0,0,0,0,0,3,98
445,\N,\N,Günther,Seiffert,1937-10-18,German,0,0.0,0.0,0,0,0,0,0,0,0,0,2,87
446,\N,\N,Carlo,Abate,1932-07-10,Italian,0,0.0,0.0,0,0,0,0,0,0,0,0,2,92
447,\N,\N,Gaetano,Starrabba,1932-12-03,Italian,0,0.0,0.0,0,0,0,0,0,0,0,0,2,92
448,\N,\N,Peter,Broeker,1926-05-15,Canadian,0,0.0,0.0,0,0,0,0,0,0,0,0,1,98
449,\N,\N,Rodger,Ward,1921-01-10,American,0,1.1666666666666667,0.0,3,0,0,0,0,0,0,0,12,103
450,\N,\N,Ernie,de Vos,1941-07-01,Dutch,0,0.0,0.0,0,0,0,0,0,0,0,0,1,83
451,\N,\N,Frank,Dochnal,1920-10-08,American,0,0.0,0.0,0,0,0,0,0,0,0,0,1,104
452,\N,\N,Thomas,Monarch,1945-09-03,American,0,0.0,0.0,0,0,0,0,0,0,0,0,1,79
842,10,GAS,Pierre,Gasly,1996-02-07,French,1,2.9,209.3929035087719,7,9,10,13,13,9,6,3,65,28
453,\N,\N,Jackie,Lewis,1936-11-01,British,0,0.2727272727272727,0.0,2,0,0,0,0,0,0,0,11,88
454,\N,\N,Ricardo,Rodríguez,1942-02-14,Mexican,0,0.6666666666666666,0.0,2,0,0,0,0,0,0,0,6,82
455,\N,\N,Wolfgang,Seidel,1926-07-04,German,0,0.0,0.0,0,0,0,0,0,0,0,0,13,98
456,\N,\N,Roy,Salvadori,1922-05-12,British,0,0.37254901960784315,0.0,4,0,0,0,0,0,0,0,51,102
457,\N,\N,Ben,Pon,1936-12-09,Dutch,0,0.0,0.0,0,0,0,0,0,0,0,0,1,88
458,\N,\N,Rob,Slotemaker,1929-06-13,Dutch,0,0.0,0.0,0,0,0,0,0,0,0,0,1,95
459,\N,\N,Tony,Marsh,1931-07-20,British,0,0.0,0.0,1,0,0,0,0,0,0,0,9,93
460,\N,\N,Gerry,Ashmore,1936-07-25,British,0,0.0,0.0,0,0,0,0,0,0,0,0,5,88
461,\N,\N,Heinz,Schiller,1930-01-25,Swiss,0,0.0,0.0,0,0,0,0,0,0,0,0,2,94
462,\N,\N,Colin,Davis,1933-07-29,British,0,0.0,0.0,0,0,0,0,0,0,0,0,3,91
463,\N,\N,Jay,Chamberlain,1925-12-29,American,0,0.0,0.0,0,0,0,0,0,0,0,0,3,99
464,\N,\N,Tony,Shelly,1937-02-02,New Zealander,0,0.0,0.0,0,0,0,0,0,0,0,0,3,87
465,\N,\N,Keith,Greene,1938-01-05,British,0,0.0,0.0,0,0,0,0,0,0,0,0,7,86
466,\N,\N,Heini,Walter,1927-07-28,Swiss,0,0.0,0.0,0,0,0,0,0,0,0,0,1,97
467,\N,\N,Ernesto,Prinoth,1923-04-15,Italian,0,0.0,0.0,0,0,0,0,0,0,0,0,2,101
468,\N,\N,Roger,Penske,1937-02-20,American,0,0.0,0.0,0,0,0,0,0,0,0,0,2,87
469,\N,\N,Rob,Schroeder,1926-05-11,British,0,0.0,0.0,0,0,0,0,0,0,0,0,1,98
470,\N,\N,Timmy,Mayer,1938-02-22,American,0,0.0,0.0,0,0,0,0,0,0,0,0,1,86
471,\N,\N,Bruce,Johnstone,1937-01-30,South African,0,0.0,0.0,0,0,0,0,0,0,0,0,1,87
472,\N,\N,Mike,Harris,1939-05-25,South African,0,0.0,0.0,0,0,0,0,0,0,0,0,1,85
473,\N,\N,Gary,Hocking,1937-09-30,Rhodesian,0,0.0,0.0,0,0,0,0,0,0,0,0,1,87
474,\N,\N,Syd,van der Vyver,1920-06-01,South African,0,0.0,0.0,0,0,0,0,0,0,0,0,1,104
475,\N,\N,Stirling,Moss,1929-09-17,British,0,2.5547945205479454,0.0,27,0,0,0,0,0,0,0,73,95
476,\N,\N,Wolfgang,von Trips,1928-05-04,German,0,2.0,0.0,7,0,0,0,0,0,0,0,28,96
477,\N,\N,Cliff,Allison,1932-02-08,British,0,0.6111111111111112,0.0,2,0,0,0,0,0,0,0,18,92
478,\N,\N,Hans,Herrmann,1928-02-23,German,0,0.5,0.0,0,0,0,0,0,0,0,0,20,96
479,\N,\N,Tony,Brooks,1932-02-25,British,0,1.829268292682927,0.0,11,0,0,0,0,0,0,0,41,92
480,\N,\N,Michael,May,1934-08-18,Swiss,0,0.0,0.0,0,0,0,0,0,0,0,0,4,90
481,\N,\N,Henry,Taylor,1932-12-16,British,0,0.3,0.0,0,0,0,0,0,0,0,0,10,92
482,\N,\N,Olivier,Gendebien,1924-01-12,Belgian,0,1.0588235294117647,0.0,3,0,0,0,0,0,0,0,17,100
483,\N,\N,Giorgio,Scarlatti,1921-10-02,Italian,0,0.06666666666666667,0.0,0,0,0,0,0,0,0,0,15,103
484,\N,\N,Brian,Naylor,1923-03-24,British,0,0.0,0.0,0,0,0,0,0,0,0,0,9,101
485,\N,\N,Juan Manuel,Bordeu,1934-01-28,Argentine,0,0.0,0.0,0,0,0,0,0,0,0,0,1,90
486,\N,\N,Jack,Fairman,1913-03-15,British,0,0.38461538461538464,0.0,0,0,0,0,0,0,0,0,13,111
487,\N,\N,Massimo,Natili,1935-07-28,Italian,0,0.0,0.0,0,0,0,0,0,0,0,0,2,89
488,\N,\N,Peter,Monteverdi,1934-06-07,Swiss,0,0.0,0.0,0,0,0,0,0,0,0,0,1,90
489,\N,\N,Renato,Pirocchi,1933-03-26,Italian,0,0.0,0.0,0,0,0,0,0,0,0,0,2,91
490,\N,\N,Geoff,Duke,1923-03-29,British,0,0.0,0.0,0,0,0,0,0,0,0,0,1,101
491,\N,\N,Alfonso,Thiele,1920-04-05,American-Italian,0,0.0,0.0,0,0,0,0,0,0,0,0,2,104
492,\N,\N,Menato,Boffa,1930-01-04,Italian,0,0.0,0.0,0,0,0,0,0,0,0,0,1,94
493,\N,\N,Peter,Ryan,1940-06-10,Canadian,0,0.0,0.0,0,0,0,0,0,0,0,0,1,84
494,\N,\N,Lloyd,Ruby,1928-01-12,American,0,0.0,0.0,1,0,0,0,0,0,0,0,2,96
495,\N,\N,Ken,Miles,1918-11-01,British,0,0.0,0.0,0,0,0,0,0,0,0,0,1,106
496,\N,\N,Carlos,Menditeguy,1914-08-10,Argentine,0,0.75,0.0,1,0,0,0,0,0,0,0,12,110
497,\N,\N,Alberto Rodriguez,Larreta,1934-01-14,Argentine,0,0.0,0.0,0,0,0,0,0,0,0,0,1,90
498,\N,\N,José Froilán,González,1922-10-05,Argentine,0,2.677241379310345,0.0,12,0,0,0,0,0,0,0,29,102
499,\N,\N,Roberto,Bonomi,1919-09-30,Argentine,0,0.0,0.0,0,0,0,0,0,0,0,0,1,105
500,\N,\N,Gino,Munaron,1928-04-02,Italian,0,0.0,0.0,0,0,0,0,0,0,0,0,4,96
501,\N,\N,Harry,Schell,1921-06-29,American,0,0.5,0.0,5,0,0,0,0,0,0,0,64,103
502,\N,\N,Alan,Stacey,1933-08-29,British,0,0.0,0.0,0,0,0,0,0,0,0,0,7,91
503,\N,\N,Ettore,Chimeri,1921-06-04,Venezuelan,0,0.0,0.0,0,0,0,0,0,0,0,0,1,103
504,\N,\N,Antonio,Creus,1924-10-28,Spanish,0,0.0,0.0,0,0,0,0,0,0,0,0,1,100
505,\N,\N,Chris,Bristow,1937-12-02,British,0,0.0,0.0,0,0,0,0,0,0,0,0,4,87
506,\N,\N,Bruce,Halford,1931-05-18,British,0,0.0,0.0,0,0,0,0,0,0,0,0,9,93
507,\N,\N,Chuck,Daigh,1923-11-29,American,0,0.0,0.0,0,0,0,0,0,0,0,0,6,101
508,\N,\N,Lance,Reventlow,1936-02-24,American,0,0.0,0.0,0,0,0,0,0,0,0,0,4,88
509,\N,\N,Jim,Rathmann,1928-07-16,American,0,2.4166666666666665,0.0,6,0,0,0,0,0,0,0,12,96
510,\N,\N,Paul,Goldsmith,1925-10-02,American,0,2.0,0.0,2,0,0,0,0,0,0,0,3,99
511,\N,\N,Don,Branson,1920-06-02,American,0,1.5,0.0,1,0,0,0,0,0,0,0,2,104
512,\N,\N,Johnny,Thomson,1922-04-09,American,0,1.1111111111111112,0.0,3,0,0,0,0,0,0,0,9,102
513,\N,\N,Eddie,Johnson,1919-02-10,American,0,0.1111111111111111,0.0,4,0,0,0,0,0,0,0,9,105
514,\N,\N,Bob,Veith,1926-11-01,American,0,0.0,0.0,4,0,0,0,0,0,0,0,5,98
515,\N,\N,Bud,Tingelstad,1928-04-04,American,0,0.0,0.0,1,0,0,0,0,0,0,0,1,96
516,\N,\N,Bob,Christie,1924-04-04,American,0,0.0,0.0,1,0,0,0,0,0,0,0,5,100
517,\N,\N,Red,Amick,1929-01-19,American,0,0.0,0.0,1,0,0,0,0,0,0,0,2,95
518,\N,\N,Duane,Carter,1913-05-05,American,0,0.65,0.0,5,0,0,0,0,0,0,0,10,111
519,\N,\N,Bill,Homeier,1918-08-31,American,0,0.3333333333333333,0.0,2,0,0,0,0,0,0,0,3,106
520,\N,\N,Gene,Hartley,1926-01-28,American,0,0.0,0.0,2,0,0,0,0,0,0,0,9,98
521,\N,\N,Chuck,Stevenson,1919-10-15,American,0,0.0,0.0,0,0,0,0,0,0,0,0,7,105
522,\N,\N,Bobby,Grim,1924-09-04,American,0,0.0,0.0,0,0,0,0,0,0,0,0,2,100
523,\N,\N,Shorty,Templeman,1919-08-12,American,0,0.0,0.0,0,0,0,0,0,0,0,0,3,105
524,\N,\N,Jim,Hurtubise,1932-12-05,American,0,0.0,0.0,0,0,0,0,0,0,0,0,1,92
525,\N,\N,Jimmy,Bryan,1926-01-28,American,0,2.0,0.0,4,0,0,0,0,0,0,0,9,98
526,\N,\N,Troy,Ruttman,1930-03-11,American,0,1.0555555555555556,0.0,2,0,0,0,0,0,0,0,9,94
527,\N,\N,Eddie,Sachs,1927-05-28,American,0,0.0,0.0,0,0,0,0,0,0,0,0,4,97
528,\N,\N,Don,Freeland,1925-03-25,American,0,0.5,0.0,3,0,0,0,0,0,0,0,8,99
529,\N,\N,Tony,Bettenhausen,1916-09-12,American,0,0.8461538461538461,0.0,3,0,0,0,0,0,0,0,13,108
530,\N,\N,Wayne,Weiler,1934-12-09,American,0,0.0,0.0,0,0,0,0,0,0,0,0,1,90
531,\N,\N,Anthony,Foyt,1935-01-16,American,0,0.0,0.0,1,0,0,0,0,0,0,0,3,89
532,\N,\N,Eddie,Russo,1925-11-19,American,0,0.0,0.0,0,0,0,0,0,0,0,0,4,99
533,\N,\N,Johnny,Boyd,1926-08-19,American,0,0.6666666666666666,0.0,3,0,0,0,0,0,0,0,6,98
534,\N,\N,Gene,Force,1916-06-15,American,0,0.0,0.0,0,0,0,0,0,0,0,0,2,108
535,\N,\N,Jim,McWithey,1927-07-04,American,0,0.0,0.0,1,0,0,0,0,0,0,0,2,97
536,\N,\N,Len,Sutton,1925-08-09,American,0,0.0,0.0,0,0,0,0,0,0,0,0,3,99
537,\N,\N,Dick,Rathmann,1924-01-06,American,0,0.4,0.0,1,0,0,0,0,0,0,0,5,100
538,\N,\N,Al,Herman,1927-03-15,American,0,0.0,0.0,2,0,0,0,0,0,0,0,5,97
539,\N,\N,Dempsey,Wilson,1927-03-11,American,0,0.0,0.0,0,0,0,0,0,0,0,0,2,97
540,\N,\N,Mike,Taylor,1934-04-24,British,0,0.0,0.0,0,0,0,0,0,0,0,0,2,90
541,\N,\N,Ron,Flockhart,1923-06-16,British,0,0.3333333333333333,0.0,1,0,0,0,0,0,0,0,15,101
542,\N,\N,David,Piper,1930-12-02,British,0,0.0,0.0,0,0,0,0,0,0,0,0,3,94
543,\N,\N,Giulio,Cabianca,1923-02-19,Italian,0,0.75,0.0,0,0,0,0,0,0,0,0,4,101
544,\N,\N,Piero,Drogo,1926-08-08,Italian,0,0.0,0.0,0,0,0,0,0,0,0,0,1,98
545,\N,\N,Fred,Gamble,1932-03-17,American,0,0.0,0.0,0,0,0,0,0,0,0,0,1,92
546,\N,\N,Arthur,Owen,1915-03-23,British,0,0.0,0.0,0,0,0,0,0,0,0,0,1,109
547,\N,\N,Horace,Gould,1918-09-20,British,0,0.1111111111111111,0.0,0,0,0,0,0,0,0,0,18,106
548,\N,\N,Bob,Drake,1919-12-14,American,0,0.0,0.0,0,0,0,0,0,0,0,0,1,105
549,\N,\N,Ivor,Bueb,1923-06-06,British,0,0.0,0.0,0,0,0,0,0,0,0,0,6,101
550,\N,\N,Alain,de Changy,1922-02-05,Belgian,0,0.0,0.0,0,0,0,0,0,0,0,0,1,102
551,\N,\N,Maria,de Filippis,1926-11-11,Italian,0,0.0,0.0,0,0,0,0,0,0,0,0,5,98
552,\N,\N,Jean,Lucienbonnet,1923-01-07,French,0,0.0,0.0,0,0,0,0,0,0,0,0,1,101
553,\N,\N,André,Testut,1926-04-13,Monegasque,0,0.0,0.0,0,0,0,0,0,0,0,0,2,98
554,\N,\N,Jean,Behra,1921-02-16,French,0,0.8947368421052632,0.0,7,0,0,0,0,0,0,0,57,103
555,\N,\N,Paul,Russo,1914-04-10,American,0,0.9444444444444444,0.0,5,0,0,0,0,0,0,0,9,110
556,\N,\N,Jimmy,Daywalt,1924-08-28,American,0,0.0,0.0,3,0,0,0,0,0,0,0,7,100
557,\N,\N,Chuck,Arnold,1926-05-30,American,0,0.0,0.0,1,0,0,0,0,0,0,0,1,98
558,\N,\N,Al,Keller,1920-04-11,American,0,0.0,0.0,1,0,0,0,0,0,0,0,5,104
559,\N,\N,Pat,Flaherty,1926-01-06,American,0,1.3333333333333333,0.0,2,0,0,0,0,0,0,0,6,98
560,\N,\N,Bill,Cheesbourg,1927-06-12,American,0,0.0,0.0,1,0,0,0,0,0,0,0,3,97
561,\N,\N,Ray,Crawford,1915-10-26,American,0,0.0,0.0,0,0,0,0,0,0,0,0,3,109
562,\N,\N,Jack,Turner,1920-02-12,American,0,0.0,0.0,1,0,0,0,0,0,0,0,4,104
563,\N,\N,Chuck,Weyant,1923-04-03,American,0,0.0,0.0,0,0,0,0,0,0,0,0,4,101
564,\N,\N,Jud,Larson,1923-01-21,American,0,0.0,0.0,1,0,0,0,0,0,0,0,2,101
565,\N,\N,Mike,Magill,1920-02-08,American,0,0.0,0.0,0,0,0,0,0,0,0,0,3,104
566,\N,\N,Carroll,Shelby,1923-01-11,American,0,0.0,0.0,0,0,0,0,0,0,0,0,9,101
567,\N,\N,Fritz,d'Orey,1938-03-25,Brazilian,0,0.0,0.0,0,0,0,0,0,0,0,0,3,86
568,\N,\N,Azdrubal,Fontes,1922-12-26,Uruguayan,0,0.0,0.0,0,0,0,0,0,0,0,0,1,102
569,\N,\N,Peter,Ashdown,1934-10-16,British,0,0.0,0.0,0,0,0,0,0,0,0,0,1,90
570,\N,\N,Bill,Moss,1933-09-04,British,0,0.0,0.0,0,0,0,0,0,0,0,0,1,91
571,\N,\N,Dennis,Taylor,1921-06-12,British,0,0.0,0.0,0,0,0,0,0,0,0,0,1,103
572,\N,\N,Harry,Blanchard,1929-06-13,American,0,0.0,0.0,0,0,0,0,0,0,0,0,1,95
573,\N,\N,Alessandro,de Tomaso,1928-07-10,Argentine-Italian,0,0.0,0.0,0,0,0,0,0,0,0,0,2,96
574,\N,\N,George,Constantine,1918-02-22,American,0,0.0,0.0,0,0,0,0,0,0,0,0,1,106
575,\N,\N,Bob,Said,1932-05-05,American,0,0.0,0.0,0,0,0,0,0,0,0,0,1,92
576,\N,\N,Phil,Cade,1916-06-12,American,0,0.0,0.0,0,0,0,0,0,0,0,0,1,108
577,\N,\N,Luigi,Musso,1924-07-28,Italian,0,1.6923076923076923,0.0,8,0,0,0,0,0,0,0,26,100
578,\N,\N,Mike,Hawthorn,1929-04-10,British,0,2.6591666666666667,0.0,15,0,0,0,0,0,0,0,48,95
579,\N,\N,Juan,Fangio,1911-06-24,Argentine,0,4.812758620689655,0.0,37,0,0,0,0,0,0,0,58,113
580,\N,\N,Paco,Godia,1921-03-21,Spanish,0,0.42857142857142855,0.0,0,0,0,0,0,0,0,0,14,103
581,\N,\N,Peter,Collins,1931-11-06,British,0,1.2702702702702702,0.0,9,0,0,0,0,0,0,0,37,93
582,\N,\N,Ken,Kavanagh,1923-12-12,Australian,0,0.0,0.0,0,0,0,0,0,0,0,0,1,101
583,\N,\N,Gerino,Gerini,1928-08-10,Italian,0,0.21428571428571427,0.0,0,0,0,0,0,0,0,0,7,96
584,\N,\N,Bruce,Kessler,1936-03-23,American,0,0.0,0.0,0,0,0,0,0,0,0,0,1,88
585,\N,\N,Paul,Emery,1916-11-12,British,0,0.0,0.0,0,0,0,0,0,0,0,0,2,108
586,\N,\N,Luigi,Piotti,1913-10-27,Italian,0,0.0,0.0,0,0,0,0,0,0,0,0,9,111
587,\N,\N,Bernie,Ecclestone,1930-10-28,British,0,0.0,0.0,0,0,0,0,0,0,0,0,1,94
588,\N,\N,Luigi,Taramazzo,1932-05-05,Italian,0,0.0,0.0,0,0,0,0,0,0,0,0,1,92
589,\N,\N,Louis,Chiron,1899-08-03,Monegasque,0,0.23529411764705882,0.0,0,0,0,0,0,0,0,0,17,125
590,\N,\N,Stuart,Lewis-Evans,1930-04-20,British,0,1.1428571428571428,0.0,2,0,0,0,0,0,0,0,14,94
591,\N,\N,George,Amick,1924-10-24,American,0,6.0,0.0,1,0,0,0,0,0,0,0,1,100
592,\N,\N,Jimmy,Reece,1929-11-17,American,0,0.0,0.0,3,0,0,0,0,0,0,0,6,95
593,\N,\N,Johnnie,Parsons,1918-07-04,American,0,1.2,0.0,5,0,0,0,0,0,0,0,10,106
594,\N,\N,Johnnie,Tolan,1917-10-22,American,0,0.0,0.0,1,0,0,0,0,0,0,0,3,107
595,\N,\N,Billy,Garrett,1933-04-24,American,0,0.0,0.0,0,0,0,0,0,0,0,0,2,91
596,\N,\N,Ed,Elisian,1926-12-09,American,0,0.0,0.0,0,0,0,0,0,0,0,0,5,98
597,\N,\N,Pat,O'Connor,1928-10-09,American,0,0.0,0.0,2,0,0,0,0,0,0,0,5,96
598,\N,\N,Jerry,Unser,1932-11-15,American,0,0.0,0.0,0,0,0,0,0,0,0,0,1,92
599,\N,\N,Art,Bisch,1926-11-10,American,0,0.0,0.0,0,0,0,0,0,0,0,0,1,98
600,\N,\N,Christian,Goethals,1928-08-04,Belgian,0,0.0,0.0,0,0,0,0,0,0,0,0,1,96
601,\N,\N,Dick,Gibson,1918-04-16,British,0,0.0,0.0,0,0,0,0,0,0,0,0,2,106
602,\N,\N,Robert,La Caze,1917-02-26,French,0,0.0,0.0,0,0,0,0,0,0,0,0,1,107
603,\N,\N,André,Guelfi,1919-05-06,French,0,0.0,0.0,0,0,0,0,0,0,0,0,1,105
604,\N,\N,François,Picard,1921-04-26,French,0,0.0,0.0,0,0,0,0,0,0,0,0,1,103
605,\N,\N,Tom,Bridger,1934-06-24,British,0,0.0,0.0,0,0,0,0,0,0,0,0,1,90
606,\N,\N,Alfonso,de Portago,1928-10-11,Spanish,0,0.6666666666666666,0.0,0,0,0,0,0,0,0,0,6,96
607,\N,\N,Cesare,Perdisa,1932-10-21,Italian,0,0.5555555555555556,0.0,1,0,0,0,0,0,0,0,9,92
608,\N,\N,Eugenio,Castellotti,1930-10-10,Italian,0,1.1470588235294117,0.0,3,0,0,0,0,0,0,0,17,94
609,\N,\N,André,Simon,1920-01-05,French,0,0.0,0.0,0,0,0,0,0,0,0,0,12,104
610,\N,\N,Les,Leston,1920-12-16,British,0,0.0,0.0,0,0,0,0,0,0,0,0,3,104
611,\N,\N,Sam,Hanks,1914-07-13,American,0,2.2222222222222223,0.0,5,0,0,0,0,0,0,0,9,110
612,\N,\N,Andy,Linden,1922-04-05,American,0,0.45454545454545453,0.0,4,0,0,0,0,0,0,0,11,102
613,\N,\N,Marshall,Teague,1921-02-22,American,0,0.0,0.0,1,0,0,0,0,0,0,0,4,103
614,\N,\N,Don,Edmunds,1930-09-23,American,0,0.0,0.0,0,0,0,0,0,0,0,0,1,94
615,\N,\N,Fred,Agabashian,1913-08-21,American,0,0.1875,0.0,2,0,0,0,0,0,0,0,8,111
616,\N,\N,Elmer,George,1928-07-15,American,0,0.0,0.0,0,0,0,0,0,0,0,0,1,96
617,\N,\N,Mike,MacDowel,1932-09-13,British,0,0.0,0.0,0,0,0,0,0,0,0,0,1,92
618,\N,\N,Herbert,MacKay-Fraser,1927-06-23,American,0,0.0,0.0,0,0,0,0,0,0,0,0,1,97
619,\N,\N,Bob,Gerard,1914-01-19,British,0,0.0,0.0,0,0,0,0,0,0,0,0,7,110
620,\N,\N,Umberto,Maglioli,1928-06-05,Italian,0,0.333,0.0,0,0,0,0,0,0,0,0,10,96
621,\N,\N,Paul,England,1929-03-28,Australian,0,0.0,0.0,0,0,0,0,0,0,0,0,1,95
622,\N,\N,Chico,Landi,1907-07-14,Brazilian,0,0.25,0.0,0,0,0,0,0,0,0,0,6,117
623,\N,\N,Alberto,Uria,1924-07-11,Uruguayan,0,0.0,0.0,0,0,0,0,0,0,0,0,2,100
624,\N,\N,Hernando,da Silva Ramos,1925-12-07,Brazilian,0,0.25,0.0,0,0,0,0,0,0,0,0,8,99
625,\N,\N,Élie,Bayol,1914-02-28,French,0,0.2857142857142857,0.0,0,0,0,0,0,0,0,0,7,110
626,\N,\N,Robert,Manzon,1917-04-12,French,0,0.5517241379310345,0.0,1,0,0,0,0,0,0,0,29,107
627,\N,\N,Louis,Rosier,1905-11-05,French,0,0.46153846153846156,0.0,1,0,0,0,0,0,0,0,39,119
628,\N,\N,Bob,Sweikert,1926-05-20,American,0,1.6,0.0,2,0,0,0,0,0,0,0,5,98
629,\N,\N,Cliff,Griffith,1916-02-06,American,0,0.0,0.0,1,0,0,0,0,0,0,0,3,108
630,\N,\N,Duke,Dinsmore,1913-04-10,American,0,0.0,0.0,0,0,0,0,0,0,0,0,4,111
631,\N,\N,Keith,Andrews,1920-06-15,American,0,0.0,0.0,0,0,0,0,0,0,0,0,2,104
632,\N,\N,Paul,Frère,1917-01-30,Belgian,0,1.0,0.0,2,0,0,0,0,0,0,0,11,107
633,\N,\N,Luigi,Villoresi,1909-05-16,Italian,0,1.4,0.0,6,0,0,0,0,0,0,0,35,115
634,\N,\N,Piero,Scotti,1909-11-11,Italian,0,0.0,0.0,0,0,0,0,0,0,0,0,1,115
635,\N,\N,Colin,Chapman,1928-05-19,British,0,0.0,0.0,0,0,0,0,0,0,0,0,1,96
636,\N,\N,Desmond,Titterington,1928-05-01,British,0,0.0,0.0,0,0,0,0,0,0,0,0,1,96
637,\N,\N,Archie,Scott Brown,1927-05-13,British,0,0.0,0.0,0,0,0,0,0,0,0,0,1,97
638,\N,\N,Ottorino,Volonterio,1917-12-07,Swiss,0,0.0,0.0,0,0,0,0,0,0,0,0,3,107
639,\N,\N,André,Milhoux,1928-12-09,Belgian,0,0.0,0.0,0,0,0,0,0,0,0,0,1,96
640,\N,\N,Toulo,de Graffenried,1914-05-18,Swiss,0,0.391304347826087,0.0,0,0,0,0,0,0,0,0,23,110
641,\N,\N,Piero,Taruffi,1906-10-12,Italian,0,2.2777777777777777,0.0,4,0,0,0,0,0,0,0,18,118
642,\N,\N,Nino,Farina,1906-10-30,Italian,0,3.441351351351351,0.0,19,0,0,0,0,0,0,0,37,118
643,\N,\N,Roberto,Mieres,1924-12-03,Argentine,0,0.7647058823529411,0.0,0,0,0,0,0,0,0,0,17,100
644,\N,\N,Sergio,Mantovani,1929-05-22,Italian,0,0.4444444444444444,0.0,1,0,0,0,0,0,0,0,9,95
645,\N,\N,Clemar,Bucci,1920-09-04,Argentine,0,0.0,0.0,0,0,0,0,0,0,0,0,5,104
646,\N,\N,Jesús,Iglesias,1922-02-22,Argentine,0,0.0,0.0,0,0,0,0,0,0,0,0,1,102
647,\N,\N,Alberto,Ascari,1918-07-13,Italian,0,3.888888888888889,0.0,17,0,0,0,0,0,0,0,36,106
648,\N,\N,Karl,Kling,1910-09-16,German,0,1.4166666666666667,0.0,3,0,0,0,0,0,0,0,12,114
649,\N,\N,Pablo,Birger,1924-01-07,Argentine,0,0.0,0.0,0,0,0,0,0,0,0,0,2,100
650,\N,\N,Jacques,Pollet,1922-07-02,French,0,0.0,0.0,0,0,0,0,0,0,0,0,5,102
651,\N,\N,Lance,Macklin,1919-09-02,British,0,0.0,0.0,0,0,0,0,0,0,0,0,15,105
652,\N,\N,Ted,Whiteaway,1928-11-01,British,0,0.0,0.0,0,0,0,0,0,0,0,0,1,96
653,\N,\N,Jimmy,Davies,1929-08-08,American,0,0.6666666666666666,0.0,2,0,0,0,0,0,0,0,6,95
654,\N,\N,Walt,Faulkner,1920-02-16,American,0,0.2,0.0,1,0,0,0,0,0,0,0,5,104
655,\N,\N,Cal,Niday,1914-04-29,American,0,0.0,0.0,1,0,0,0,0,0,0,0,3,110
656,\N,\N,Art,Cross,1918-01-24,American,0,2.0,0.0,3,0,0,0,0,0,0,0,4,106
657,\N,\N,Bill,Vukovich,1918-12-13,American,0,3.8,0.0,2,0,0,0,0,0,0,0,5,106
658,\N,\N,Jack,McGrath,1919-10-08,American,0,1.5,0.0,4,0,0,0,0,0,0,0,6,105
659,\N,\N,Jerry,Hoyt,1929-01-29,American,0,0.0,0.0,1,0,0,0,0,0,0,0,5,95
660,\N,\N,Johnny,Claes,1916-08-11,Belgian,0,0.0,0.0,0,0,0,0,0,0,0,0,25,108
661,\N,\N,Peter,Walker,1912-10-07,British,0,0.0,0.0,0,0,0,0,0,0,0,0,4,112
662,\N,\N,Mike,Sparken,1930-06-16,French,0,0.0,0.0,0,0,0,0,0,0,0,0,1,94
663,\N,\N,Ken,Wharton,1916-03-21,British,0,0.1875,0.0,0,0,0,0,0,0,0,0,16,108
664,\N,\N,Kenneth,McAlpine,1920-09-21,British,0,0.0,0.0,0,0,0,0,0,0,0,0,7,104
665,\N,\N,Leslie,Marr,1922-08-14,British,0,0.0,0.0,0,0,0,0,0,0,0,0,2,102
666,\N,\N,Tony,Rolt,1918-10-16,British,0,0.0,0.0,0,0,0,0,0,0,0,0,3,106
667,\N,\N,John,Fitch,1917-08-04,American,0,0.0,0.0,0,0,0,0,0,0,0,0,2,107
668,\N,\N,Jean,Lucas,1917-04-25,French,0,0.0,0.0,0,0,0,0,0,0,0,0,1,107
669,\N,\N,Prince,Bira,1914-07-15,Thai,0,0.42105263157894735,0.0,0,0,0,0,0,0,0,0,19,110
670,\N,\N,Onofre,Marimón,1923-12-19,Argentine,0,0.6783333333333333,0.0,0,0,0,0,0,0,0,0,12,101
671,\N,\N,Roger,Loyer,1907-08-05,French,0,0.0,0.0,0,0,0,0,0,0,0,0,1,117
672,\N,\N,Jorge,Daponte,1923-06-05,Argentine,0,0.0,0.0,0,0,0,0,0,0,0,0,2,101
673,\N,\N,Mike,Nazaruk,1921-10-02,American,0,2.6666666666666665,0.0,2,0,0,0,0,0,0,0,3,103
674,\N,\N,Larry,Crockett,1926-10-23,American,0,0.0,0.0,1,0,0,0,0,0,0,0,1,98
675,\N,\N,Manny,Ayulo,1921-10-20,American,0,0.5,0.0,1,0,0,0,0,0,0,0,4,103
676,\N,\N,Frank,Armi,1918-10-12,American,0,0.0,0.0,0,0,0,0,0,0,0,0,1,106
677,\N,\N,Travis,Webb,1910-10-08,American,0,0.0,0.0,0,0,0,0,0,0,0,0,4,114
678,\N,\N,Len,Duncan,1911-07-25,American,0,0.0,0.0,0,0,0,0,0,0,0,0,1,113
679,\N,\N,Ernie,McCoy,1921-02-19,American,0,0.0,0.0,1,0,0,0,0,0,0,0,2,103
680,\N,\N,Jacques,Swaters,1926-10-30,American,0,0.0,0.0,0,0,0,0,0,0,0,0,7,98
681,\N,\N,Georges,Berger,1918-09-14,Belgian,0,0.0,0.0,0,0,0,0,0,0,0,0,2,106
682,\N,\N,Don,Beauman,1928-07-26,British,0,0.0,0.0,0,0,0,0,0,0,0,0,1,96
683,\N,\N,Leslie,Thorne,1916-06-23,British,0,0.0,0.0,0,0,0,0,0,0,0,0,1,108
684,\N,\N,Bill,Whitehouse,1909-04-01,British,0,0.0,0.0,0,0,0,0,0,0,0,0,1,115
685,\N,\N,John,Riseley-Prichard,1924-01-17,British,0,0.0,0.0,0,0,0,0,0,0,0,0,1,100
686,\N,\N,Reg,Parnell,1911-07-02,British,0,1.2857142857142858,0.0,1,0,0,0,0,0,0,0,7,113
687,\N,\N,Peter,Whitehead,1914-11-12,British,0,0.3333333333333333,0.0,0,0,0,0,0,0,0,0,12,110
688,\N,\N,Eric,Brandon,1920-07-18,British,0,0.0,0.0,0,0,0,0,0,0,0,0,5,104
689,\N,\N,Alan,Brown,1919-11-20,British,0,0.2222222222222222,0.0,0,0,0,0,0,0,0,0,9,105
690,\N,\N,Rodney,Nuckey,1929-06-26,British,0,0.0,0.0,0,0,0,0,0,0,0,0,2,95
691,\N,\N,Hermann,Lang,1909-04-06,German,0,1.0,0.0,0,0,0,0,0,0,0,0,2,115
692,\N,\N,Theo,Helfrich,1913-05-13,German,0,0.0,0.0,0,0,0,0,0,0,0,0,3,111
693,\N,\N,Fred,Wacker,1918-07-10,American,0,0.0,0.0,0,0,0,0,0,0,0,0,3,106
694,\N,\N,Giovanni,de Riu,1925-03-10,Italian,0,0.0,0.0,0,0,0,0,0,0,0,0,1,99
695,\N,\N,Oscar,Gálvez,1913-08-17,Argentine,0,2.0,0.0,0,0,0,0,0,0,0,0,1,111
696,\N,\N,John,Barber,1929-07-22,British,0,0.0,0.0,0,0,0,0,0,0,0,0,1,95
697,\N,\N,Felice,Bonetto,1903-06-09,Italian,0,1.0294117647058822,0.0,1,0,0,0,0,0,0,0,17,121
698,\N,\N,Adolfo,Cruz,1923-06-28,Argentine,0,0.0,0.0,0,0,0,0,0,0,0,0,1,101
699,\N,\N,Duke,Nalon,1913-03-02,American,0,0.0,0.0,0,0,0,0,0,0,0,0,3,111
700,\N,\N,Carl,Scarborough,1914-07-03,American,0,0.0,0.0,0,0,0,0,0,0,0,0,2,110
701,\N,\N,Bill,Holland,1907-12-18,American,0,3.0,0.0,0,0,0,0,0,0,0,0,2,117
702,\N,\N,Bob,Scott,1928-10-04,American,0,0.0,0.0,0,0,0,0,0,0,0,0,5,96
703,\N,\N,Arthur,Legat,1898-11-01,Belgian,0,0.0,0.0,0,0,0,0,0,0,0,0,2,126
704,\N,\N,Yves,Cabantous,1904-10-08,French,0,0.38461538461538464,0.0,0,0,0,0,0,0,0,0,13,120
705,\N,\N,Tony,Crook,1920-02-16,British,0,0.0,0.0,0,0,0,0,0,0,0,0,2,104
706,\N,\N,Jimmy,Stewart,1931-03-06,British,0,0.0,0.0,0,0,0,0,0,0,0,0,1,93
707,\N,\N,Ian,Stewart,1929-07-15,British,0,0.0,0.0,0,0,0,0,0,0,0,0,1,95
708,\N,\N,Duncan,Hamilton,1920-04-30,British,0,0.0,0.0,0,0,0,0,0,0,0,0,5,104
709,\N,\N,Ernst,Klodwig,1903-05-23,East German,0,0.0,0.0,0,0,0,0,0,0,0,0,2,121
710,\N,\N,Rudolf,Krause,1907-03-30,East German,0,0.0,0.0,0,0,0,0,0,0,0,0,2,117
711,\N,\N,Oswald,Karch,1917-03-06,German,0,0.0,0.0,0,0,0,0,0,0,0,0,1,107
712,\N,\N,Willi,Heeks,1922-02-13,German,0,0.0,0.0,0,0,0,0,0,0,0,0,2,102
713,\N,\N,Theo,Fitzau,1923-02-10,East German,0,0.0,0.0,0,0,0,0,0,0,0,0,1,101
714,\N,\N,Kurt,Adolff,1921-11-05,German,0,0.0,0.0,0,0,0,0,0,0,0,0,1,103
715,\N,\N,Günther,Bechem,1921-12-21,German,0,0.0,0.0,0,0,0,0,0,0,0,0,2,103
716,\N,\N,Erwin,Bauer,1912-07-17,German,0,0.0,0.0,0,0,0,0,0,0,0,0,1,112
717,\N,\N,Hans,von Stuck,1900-12-27,German,0,0.0,0.0,0,0,0,0,0,0,0,0,4,124
718,\N,\N,Ernst,Loof,1907-07-04,German,0,0.0,0.0,0,0,0,0,0,0,0,0,1,117
719,\N,\N,Albert,Scherrer,1908-02-28,Swiss,0,0.0,0.0,0,0,0,0,0,0,0,0,1,116
720,\N,\N,Max,de Terra,1918-10-06,Swiss,0,0.0,0.0,0,0,0,0,0,0,0,0,2,106
721,\N,\N,Peter,Hirt,1910-03-30,Swiss,0,0.0,0.0,0,0,0,0,0,0,0,0,5,114
722,\N,\N,Piero,Carini,1921-03-06,Italian,0,0.0,0.0,0,0,0,0,0,0,0,0,3,103
723,\N,\N,Rudi,Fischer,1912-04-19,Swiss,0,1.4285714285714286,0.0,2,0,0,0,0,0,0,0,7,112
724,\N,\N,Toni,Ulmen,1906-01-25,German,0,0.0,0.0,0,0,0,0,0,0,0,0,2,118
725,\N,\N,George,Abecassis,1913-03-21,British,0,0.0,0.0,0,0,0,0,0,0,0,0,2,111
726,\N,\N,George,Connor,1906-08-16,American,0,0.0,0.0,1,0,0,0,0,0,0,0,3,118
727,\N,\N,Jim,Rigsby,1923-06-06,American,0,0.0,0.0,1,0,0,0,0,0,0,0,1,101
728,\N,\N,Joe,James,1925-05-23,American,0,0.0,0.0,1,0,0,0,0,0,0,0,2,99
729,\N,\N,Bill,Schindler,1909-03-06,American,0,0.0,0.0,1,0,0,0,0,0,0,0,3,115
730,\N,\N,George,Fonder,1917-06-22,American,0,0.0,0.0,0,0,0,0,0,0,0,0,3,107
731,\N,\N,Henry,Banks,1913-06-14,American,0,0.0,0.0,1,0,0,0,0,0,0,0,3,111
732,\N,\N,Johnny,McDowell,1915-01-29,American,0,0.0,0.0,0,0,0,0,0,0,0,0,3,109
733,\N,\N,Chet,Miller,1902-07-19,American,0,0.0,0.0,0,0,0,0,0,0,0,0,2,122
734,\N,\N,Bobby,Ball,1925-08-26,American,0,1.0,0.0,1,0,0,0,0,0,0,0,2,99
735,\N,\N,Charles,de Tornaco,1927-06-07,Belgian,0,0.0,0.0,0,0,0,0,0,0,0,0,3,97
736,\N,\N,Roger,Laurent,1913-02-21,Belgian,0,0.0,0.0,0,0,0,0,0,0,0,0,2,111
737,\N,\N,Robert,O'Brien,1908-04-11,American,0,0.0,0.0,0,0,0,0,0,0,0,0,1,116
738,\N,\N,Tony,Gaze,1920-02-03,Australian,0,0.0,0.0,0,0,0,0,0,0,0,0,4,104
739,\N,\N,Robin,Montgomerie-Charrington,1915-06-23,British,0,0.0,0.0,0,0,0,0,0,0,0,0,1,109
740,\N,\N,Franco,Comotti,1906-07-24,Italian,0,0.0,0.0,0,0,0,0,0,0,0,0,2,118
741,\N,\N,Philippe,Étancelin,1896-12-28,French,0,0.25,0.0,0,0,0,0,0,0,0,0,12,128
742,\N,\N,Dennis,Poore,1916-08-19,British,0,1.5,0.0,0,0,0,0,0,0,0,0,2,108
743,\N,\N,Eric,Thompson,1919-11-04,British,0,2.0,0.0,0,0,0,0,0,0,0,0,1,105
744,\N,\N,Ken,Downing,1917-12-05,British,0,0.0,0.0,0,0,0,0,0,0,0,0,2,107
745,\N,\N,Graham,Whitehead,1922-04-15,British,0,0.0,0.0,0,0,0,0,0,0,0,0,1,102
746,\N,\N,Gino,Bianco,1916-07-22,Brazilian,0,0.0,0.0,0,0,0,0,0,0,0,0,4,108
747,\N,\N,David,Murray,1909-12-28,British,0,0.0,0.0,0,0,0,0,0,0,0,0,4,115
748,\N,\N,Eitel,Cantoni,1906-10-04,Uruguayan,0,0.0,0.0,0,0,0,0,0,0,0,0,3,118
749,\N,\N,Bill,Aston,1900-03-29,British,0,0.0,0.0,0,0,0,0,0,0,0,0,3,124
750,\N,\N,Adolf,Brudes,1899-10-15,German,0,0.0,0.0,0,0,0,0,0,0,0,0,1,125
751,\N,\N,Fritz,Riess,1922-07-11,German,0,0.0,0.0,0,0,0,0,0,0,0,0,1,102
752,\N,\N,Helmut,Niedermayr,1915-11-29,German,0,0.0,0.0,0,0,0,0,0,0,0,0,1,109
753,\N,\N,Hans,Klenk,1919-10-28,German,0,0.0,0.0,0,0,0,0,0,0,0,0,1,105
754,\N,\N,Marcel,Balsa,1909-01-01,French,0,0.0,0.0,0,0,0,0,0,0,0,0,1,115
755,\N,\N,Rudolf,Schoeller,1902-04-27,Swiss,0,0.0,0.0,0,0,0,0,0,0,0,0,1,122
756,\N,\N,Paul,Pietsch,1911-06-20,German,0,0.0,0.0,0,0,0,0,0,0,0,0,3,113
757,\N,\N,Josef,Peters,1914-09-16,German,0,0.0,0.0,0,0,0,0,0,0,0,0,1,110
758,\N,\N,Dries,van der Lof,1919-08-23,Dutch,0,0.0,0.0,0,0,0,0,0,0,0,0,1,105
759,\N,\N,Jan,Flinterman,1919-10-02,Dutch,0,0.0,0.0,0,0,0,0,0,0,0,0,2,105
760,\N,\N,Piero,Dusio,1899-10-13,Italian,0,0.0,0.0,0,0,0,0,0,0,0,0,1,125
761,\N,\N,Alberto,Crespo,1920-01-16,Argentine,0,0.0,0.0,0,0,0,0,0,0,0,0,1,104
762,\N,\N,Franco,Rol,1908-06-05,Italian,0,0.0,0.0,0,0,0,0,0,0,0,0,5,116
763,\N,\N,Consalvo,Sanesi,1911-03-28,Italian,0,0.6,0.0,0,0,0,0,0,0,0,0,5,113
764,\N,\N,Guy,Mairesse,1910-08-10,French,0,0.0,0.0,0,0,0,0,0,0,0,0,3,114
765,\N,\N,Henri,Louveau,1910-01-25,French,0,0.0,0.0,0,0,0,0,0,0,0,0,2,114
766,\N,\N,Lee,Wallard,1910-09-07,American,0,4.5,0.0,1,0,0,0,0,0,0,0,2,114
767,\N,\N,Carl,Forberg,1911-03-04,American,0,0.0,0.0,0,0,0,0,0,0,0,0,1,113
768,\N,\N,Mauri,Rose,1906-05-26,American,0,2.0,0.0,0,0,0,0,0,0,0,0,2,118
769,\N,\N,Bill,Mackey,1927-12-15,American,0,0.0,0.0,0,0,0,0,0,0,0,0,1,97
770,\N,\N,Cecil,Green,1919-09-30,American,0,1.5,0.0,0,0,0,0,0,0,0,0,2,105
771,\N,\N,Walt,Brown,1911-12-30,American,0,0.0,0.0,0,0,0,0,0,0,0,0,2,113
772,\N,\N,Mack,Hellings,1915-09-14,American,0,0.0,0.0,0,0,0,0,0,0,0,0,2,109
773,\N,\N,Pierre,Levegh,1905-12-22,French,0,0.0,0.0,0,0,0,0,0,0,0,0,6,119
774,\N,\N,Eugène,Chaboud,1907-04-12,French,0,0.3333333333333333,0.0,0,0,0,0,0,0,0,0,3,117
775,\N,\N,Aldo,Gordini,1921-05-20,French,0,0.0,0.0,0,0,0,0,0,0,0,0,1,103
776,\N,\N,Joe,Kelly,1913-03-13,Irish,0,0.0,0.0,0,0,0,0,0,0,0,0,2,111
777,\N,\N,Philip,Fotheringham-Parker,1907-09-22,British,0,0.0,0.0,0,0,0,0,0,0,0,0,1,117
778,\N,\N,Brian,Shawe Taylor,1915-01-28,British,0,0.0,0.0,0,0,0,0,0,0,0,0,2,109
779,\N,\N,John,James,1914-05-10,British,0,0.0,0.0,0,0,0,0,0,0,0,0,1,110
780,\N,\N,Toni,Branca,1916-09-15,Swiss,0,0.0,0.0,0,0,0,0,0,0,0,0,3,108
781,\N,\N,Ken,Richardson,1911-08-21,British,0,0.0,0.0,0,0,0,0,0,0,0,0,1,113
782,\N,\N,Juan,Jover,1903-11-23,Spanish,0,0.0,0.0,0,0,0,0,0,0,0,0,1,121
783,\N,\N,Georges,Grignard,1905-07-25,French,0,0.0,0.0,0,0,0,0,0,0,0,0,1,119
784,\N,\N,David,Hampshire,1917-12-29,British,0,0.0,0.0,0,0,0,0,0,0,0,0,2,107
785,\N,\N,Geoff,Crossley,1921-05-11,British,0,0.0,0.0,0,0,0,0,0,0,0,0,2,103
786,\N,\N,Luigi,Fagioli,1898-06-09,Italian,0,4.0,0.0,6,0,0,0,0,0,0,0,8,126
787,\N,\N,Cuth,Harrison,1906-07-06,British,0,0.0,0.0,0,0,0,0,0,0,0,0,3,118
788,\N,\N,Joe,Fry,1915-10-26,British,0,0.0,0.0,0,0,0,0,0,0,0,0,1,109
789,\N,\N,Eugène,Martin,1915-03-24,French,0,0.0,0.0,0,0,0,0,0,0,0,0,2,109
790,\N,\N,Leslie,Johnson,1912-03-22,British,0,0.0,0.0,0,0,0,0,0,0,0,0,1,112
791,\N,\N,Clemente,Biondetti,1898-08-18,Italian,0,0.0,0.0,0,0,0,0,0,0,0,0,1,126
792,\N,\N,Alfredo,Pián,1912-10-21,Argentine,0,0.0,0.0,0,0,0,0,0,0,0,0,1,112
793,\N,\N,Raymond,Sommer,1906-08-31,French,0,0.6,0.0,0,0,0,0,0,0,0,0,5,118
794,\N,\N,Joie,Chitwood,1912-04-14,American,0,1.0,0.0,0,0,0,0,0,0,0,0,1,112
795,\N,\N,Myron,Fohr,1912-06-17,American,0,0.0,0.0,0,0,0,0,0,0,0,0,1,112
796,\N,\N,Walt,Ader,1913-12-15,American,0,0.0,0.0,0,0,0,0,0,0,0,0,1,111
797,\N,\N,Jackie,Holmes,1920-09-04,American,0,0.0,0.0,0,0,0,0,0,0,0,0,2,104
798,\N,\N,Bayliss,Levrett,1914-02-14,American,0,0.0,0.0,0,0,0,0,0,0,0,0,1,110
799,\N,\N,Jimmy,Jackson,1910-07-25,American,0,0.0,0.0,0,0,0,0,0,0,0,0,2,114
800,\N,\N,Nello,Pagani,1911-10-11,Italian,0,0.0,0.0,0,0,0,0,0,0,0,0,1,113
801,\N,\N,Charles,Pozzi,1909-08-27,French,0,0.0,0.0,0,0,0,0,0,0,0,0,1,115
802,\N,\N,Dorino,Serafini,1909-07-22,Italian,0,3.0,0.0,1,0,0,0,0,0,0,0,1,115
803,\N,\N,Bill,Cantrell,1908-01-31,American,0,0.0,0.0,0,0,0,0,0,0,0,0,1,116
804,\N,\N,Johnny,Mantz,1918-09-18,American,0,0.0,0.0,0,0,0,0,0,0,0,0,1,106
805,\N,\N,Danny,Kladis,1917-02-10,American,0,0.0,0.0,0,0,0,0,0,0,0,0,1,107
806,\N,\N,Óscar,González,1923-11-10,Uruguayan,0,0.0,0.0,0,0,0,0,0,0,0,0,1,101
807,27,HUL,Nico,Hülkenberg,1987-08-19,German,1,2.688775510204082,201.656591160221,83,7,2,0,2,5,15,2,91,37
808,\N,PET,Vitaly,Petrov,1984-09-08,Russian,0,1.103448275862069,196.00243636363632,16,0,0,0,0,0,5,1,24,40
810,\N,DIG,Lucas,di Grassi,1984-08-11,Brazilian,0,0.0,190.43561111111114,0,0,0,0,0,0,0,0,1,40
811,\N,SEN,Bruno,Senna,1983-10-15,Brazilian,0,0.717391304347826,193.20863636363637,15,0,0,0,0,0,13,1,10,41
812,\N,CHA,Karun,Chandhok,1984-01-19,Indian,0,0.0,188.6868,0,0,0,0,0,0,0,0,1,40
813,13,MAL,Pastor,Maldonado,1985-03-09,Venezuelan,0,0.7916666666666666,195.08747126436782,32,0,0,0,0,0,0,0,34,39
814,\N,DIR,Paul,di Resta,1986-04-16,British,0,2.0508474576271185,196.42242105263156,34,0,0,0,0,0,0,0,20,38
815,11,PER,Sergio,Pérez,1990-01-26,Mexican,1,5.465863453815261,204.87040833333333,81,8,10,17,19,11,6,11,157,34
816,\N,DAM,Jérôme,d'Ambrosio,1985-12-27,Belgian,0,0.0,191.2864736842105,1,0,0,0,0,0,0,0,2,39
817,3,RIC,Daniel,Ricciardo,1989-07-01,Australian,0,5.585470085470085,204.106192139738,93,8,12,13,14,1,1,16,128,35
818,25,VER,Jean-Éric,Vergne,1990-04-25,French,0,0.8793103448275862,196.4842068965517,28,0,0,0,0,0,0,0,24,34
819,\N,PIC,Charles,Pic,1990-02-15,French,0,0.0,193.95164102564098,4,0,0,0,0,0,0,0,1,34
820,4,CHI,Max,Chilton,1991-04-21,British,0,0.0,193.59797058823528,4,0,0,0,0,0,0,0,3,33
821,21,GUT,Esteban,Gutiérrez,1991-08-05,Mexican,0,0.1016949152542373,196.3511186440678,13,0,0,0,0,0,4,1,17,33
822,77,BOT,Valtteri,Bottas,1989-08-28,Finnish,1,8.370892018779342,206.17181818181817,89,18,15,17,11,6,71,19,151,35
823,\N,VDG,Giedo,van der Garde,1985-04-25,Dutch,0,0.0,193.38452941176473,3,0,0,0,0,0,0,0,2,39
824,17,BIA,Jules,Bianchi,1989-08-03,French,0,0.058823529411764705,192.919125,3,0,0,0,0,0,0,0,2,35
825,20,MAG,Kevin,Magnussen,1992-10-05,Danish,1,1.1753246753246753,203.97562416107382,28,6,3,0,9,4,15,2,62,32
826,26,KVY,Daniil,Kvyat,1994-04-26,Russian,0,1.8035714285714286,202.24533027522935,20,8,8,0,0,0,4,1,52,30
827,45,LOT,André,Lotterer,1981-11-19,German,0,0.0,0.0,0,0,0,0,0,0,0,0,1,43
828,9,ERI,Marcus,Ericsson,1990-09-02,Swedish,0,0.18556701030927836,197.00060416666668,12,0,0,0,0,0,0,0,17,34
829,28,STE,Will,Stevens,1991-06-28,British,0,0.0,189.4416875,0,0,0,0,0,0,0,0,3,33
830,33,VER,Max,Verstappen,1997-09-30,Dutch,1,13.002857142857144,208.45418674698797,55,19,12,19,20,12,70,27,156,27
831,12,NAS,Felipe,Nasr,1992-08-21,Brazilian,0,0.725,195.01342105263157,9,0,0,0,0,0,0,0,10,32
832,55,SAI,Carlos,Sainz,1994-09-01,Spanish,1,4.8028571428571425,205.7857962962963,28,10,10,19,16,11,7,3,105,30
833,98,MER,Roberto,Merhi,1991-03-22,Spanish,0,0.0,191.604,0,0,0,0,0,0,0,0,0,33
834,53,RSS,Alexander,Rossi,1991-09-25,American,0,0.0,185.44400000000002,1,0,0,0,0,0,0,0,0,33
835,30,PAL,Jolyon,Palmer,1991-01-20,British,0,0.24324324324324326,197.61908823529413,6,0,0,0,0,0,0,0,10,33
836,94,WEH,Pascal,Wehrlein,1994-10-18,German,0,0.15384615384615385,195.71805555555554,2,0,0,0,0,0,0,0,5,30
837,88,HAR,Rio,Haryanto,1993-01-22,Indonesian,0,0.0,194.567,0,0,0,0,0,0,0,0,2,31
838,2,VAN,Stoffel,Vandoorne,1992-03-26,Belgian,0,0.6190476190476191,205.35185,8,0,0,0,0,0,0,0,9,32
839,31,OCO,Esteban,Ocon,1996-09-17,French,1,3.203252032520325,207.4193391304348,20,0,9,9,17,7,0,0,43,28
840,18,STR,Lance,Stroll,1998-10-29,Canadian,1,1.7537313432835822,209.08959375,8,6,10,10,13,9,0,0,59,26
841,99,GIO,Antonio,Giovinazzi,1993-12-14,Italian,0,0.3387096774193548,209.29890000000003,0,6,6,4,0,0,0,0,14,31
843,28,HAR,Brendon,Hartley,1989-11-10,New Zealander,0,0.16,203.03647826086956,2,0,0,0,0,0,0,0,8,35
844,16,LEC,Charles,Leclerc,1997-10-16,Monegasque,1,8.165217391304347,210.9979907407407,7,17,10,16,19,10,3,7,87,27
845,35,SIR,Sergey,Sirotkin,1995-08-27,Russian,0,0.047619047619047616,205.68885000000006,2,0,0,0,0,0,0,0,5,29
846,4,NOR,Lando,Norris,1999-11-13,British,1,5.191489361702128,211.21681521739131,0,8,12,15,18,9,5,5,60,25
847,63,RUS,George,Russell,1998-02-15,British,1,3.9680851063829787,209.7490326086957,0,2,4,4,20,10,3,6,38,26
848,23,ALB,Alexander,Albon,1996-03-23,Thai,1,2.9859154929577465,209.81510144927537,0,14,13,0,9,7,0,0,34,28
849,6,LAT,Nicholas,Latifi,1995-06-29,Canadian,0,0.14754098360655737,207.23886440677964,0,0,6,5,7,0,0,0,7,29
850,51,FIT,Pietro,Fittipaldi,1996-06-25,Brazilian,0,0.0,208.74,0,0,1,0,0,0,0,0,1,28
851,89,AIT,Jack,Aitken,1995-09-23,British,0,0.0,222.24,0,0,1,0,0,0,0,0,0,29
852,22,TSU,Yuki,Tsunoda,2000-05-11,Japanese,1,0.8392857142857143,207.61146153846155,0,0,0,7,8,9,0,0,24,24
853,9,MAZ,Nikita,Mazepin,1999-03-02,Russian,0,0.0,208.28833333333333,0,0,0,2,0,0,0,0,4,25
854,47,MSC,Mick,Schumacher,1999-03-22,German,0,0.2727272727272727,206.79890243902437,0,0,0,3,9,0,0,0,11,25
855,24,ZHO,Guanyu,Zhou,1999-05-30,Chinese,1,0.29411764705882354,206.34609090909092,0,0,0,0,10,6,3,2,12,25
856,21,DEV,Nyck,de Vries,1995-02-06,Dutch,0,0.18181818181818182,213.47581818181817,0,0,0,0,1,3,0,0,1,29
857,81,PIA,Oscar,Piastri,2001-04-06,Australian,1,2.25,208.95709090909094,0,0,0,0,0,6,0,0,4,23
858,2,SAR,Logan,Sargeant,2000-12-31,American,1,0.0,210.33533333333332,0,0,0,0,0,4,0,0,2,24
